16,WN,28,0,0,18,9,FALSE,FALSE,FALSE,FALSE,46,0.59,0,10,4,TRUE,FALSE,FALSE,TRUE
29,OO,28,0,0,18,9,FALSE,FALSE,FALSE,FALSE,46,0.59,0,10,4,TRUE,FALSE,FALSE,TRUE
29,NK,28,0,0,18,9,FALSE,FALSE,FALSE,FALSE,46,0.59,0,10,4,TRUE,FALSE,FALSE,TRUE
0,AA,28,0,0,18,9,FALSE,FALSE,FALSE,FALSE,46,0.59,0,10,4,TRUE,FALSE,FALSE,TRUE
0,DL,28,0,0,18,9,FALSE,FALSE,FALSE,FALSE,46,0.59,0,10,4,TRUE,FALSE,FALSE,TRUE
0,DL,28,0,0,18,9,FALSE,FALSE,FALSE,FALSE,46,0.59,0,10,4,TRUE,FALSE,FALSE,TRUE
0,DL,28,0,0,18,9,FALSE,FALSE,FALSE,FALSE,46,0.59,0,10,4,TRUE,FALSE,FALSE,TRUE
0,WN,28,0,0,18,9,FALSE,FALSE,FALSE,FALSE,46,0.59,0,10,4,TRUE,FALSE,FALSE,TRUE
0,DL,28,0,0,18,9,FALSE,FALSE,FALSE,FALSE,46,0.59,0,10,4,TRUE,FALSE,FALSE,TRUE
0,OO,28,0,0,18,9,FALSE,FALSE,FALSE,FALSE,46,0.59,0,10,4,TRUE,FALSE,FALSE,TRUE
0,WN,28,0,0,18,9,FALSE,FALSE,FALSE,FALSE,46,0.59,0,10,4,TRUE,FALSE,FALSE,TRUE
0,WN,28,0,0,18,9,FALSE,FALSE,FALSE,FALSE,46,0.59,0,10,4,TRUE,FALSE,FALSE,TRUE
0,DL,28,0,0,18,9,FALSE,FALSE,FALSE,FALSE,46,0.59,0,10,4,TRUE,FALSE,FALSE,TRUE
0,DL,28,0,0,18,9,FALSE,FALSE,FALSE,FALSE,46,0.59,0,10,4,TRUE,FALSE,FALSE,TRUE
0,UA,28,0,0,18,9,FALSE,FALSE,FALSE,FALSE,46,0.59,0,10,4,TRUE,FALSE,FALSE,TRUE
0,AA,28,0,0,18,9,FALSE,FALSE,FALSE,FALSE,46,0.59,0,10,4,TRUE,FALSE,FALSE,TRUE
0,WN,28,0,0,18,9,FALSE,FALSE,FALSE,FALSE,46,0.59,0,10,4,TRUE,FALSE,FALSE,TRUE
0,AA,28,0,0,18,9,FALSE,FALSE,FALSE,FALSE,46,0.59,0,10,4,TRUE,FALSE,FALSE,TRUE
0,WN,28,0,0,18,9,FALSE,FALSE,FALSE,FALSE,46,0.59,0,10,4,TRUE,FALSE,FALSE,TRUE
0,DL,28,0,0,18,9,FALSE,FALSE,FALSE,FALSE,46,0.59,0,10,4,TRUE,FALSE,FALSE,TRUE
0,DL,28,0,0,18,9,FALSE,FALSE,FALSE,FALSE,46,0.59,0,10,4,TRUE,FALSE,FALSE,TRUE
0,DL,28,0,0,18,9,FALSE,FALSE,FALSE,FALSE,46,0.59,0,10,4,TRUE,FALSE,FALSE,TRUE
0,DL,28,0,0,18,9,FALSE,FALSE,FALSE,FALSE,46,0.59,0,10,4,TRUE,FALSE,FALSE,TRUE
5,DL,34,0.12,0,12,4,TRUE,FALSE,FALSE,TRUE,54,2.02,0,20,4,TRUE,TRUE,FALSE,TRUE
6,AA,34,0.12,0,12,4,TRUE,FALSE,FALSE,TRUE,54,2.02,0,20,4,TRUE,TRUE,FALSE,TRUE
6,DL,34,0.12,0,12,4,TRUE,FALSE,FALSE,TRUE,54,2.02,0,20,4,TRUE,TRUE,FALSE,TRUE
10,DL,34,0.12,0,12,4,TRUE,FALSE,FALSE,TRUE,54,2.02,0,20,4,TRUE,TRUE,FALSE,TRUE
20,WN,34,0.12,0,12,4,TRUE,FALSE,FALSE,TRUE,54,2.02,0,20,4,TRUE,TRUE,FALSE,TRUE
21,WN,34,0.12,0,12,4,TRUE,FALSE,FALSE,TRUE,54,2.02,0,20,4,TRUE,TRUE,FALSE,TRUE
21,DL,34,0.12,0,12,4,TRUE,FALSE,FALSE,TRUE,54,2.02,0,20,4,TRUE,TRUE,FALSE,TRUE
26,NK,34,0.12,0,12,4,TRUE,FALSE,FALSE,TRUE,54,2.02,0,20,4,TRUE,TRUE,FALSE,TRUE
27,OO,34,0.12,0,12,4,TRUE,FALSE,FALSE,TRUE,54,2.02,0,20,4,TRUE,TRUE,FALSE,TRUE
0,AA,34,0.12,0,12,4,TRUE,FALSE,FALSE,TRUE,54,2.02,0,20,4,TRUE,TRUE,FALSE,TRUE
0,DL,34,0.12,0,12,4,TRUE,FALSE,FALSE,TRUE,54,2.02,0,20,4,TRUE,TRUE,FALSE,TRUE
0,WN,34,0.12,0,12,4,TRUE,FALSE,FALSE,TRUE,54,2.02,0,20,4,TRUE,TRUE,FALSE,TRUE
0,WN,34,0.12,0,12,4,TRUE,FALSE,FALSE,TRUE,54,2.02,0,20,4,TRUE,TRUE,FALSE,TRUE
0,UA,34,0.12,0,12,4,TRUE,FALSE,FALSE,TRUE,54,2.02,0,20,4,TRUE,TRUE,FALSE,TRUE
0,DL,34,0.12,0,12,4,TRUE,FALSE,FALSE,TRUE,54,2.02,0,20,4,TRUE,TRUE,FALSE,TRUE
0,WN,34,0.12,0,12,4,TRUE,FALSE,FALSE,TRUE,54,2.02,0,20,4,TRUE,TRUE,FALSE,TRUE
0,WN,34,0.12,0,12,4,TRUE,FALSE,FALSE,TRUE,54,2.02,0,20,4,TRUE,TRUE,FALSE,TRUE
0,OO,34,0.12,0,12,4,TRUE,FALSE,FALSE,TRUE,54,2.02,0,20,4,TRUE,TRUE,FALSE,TRUE
0,DL,34,0.12,0,12,4,TRUE,FALSE,FALSE,TRUE,54,2.02,0,20,4,TRUE,TRUE,FALSE,TRUE
0,DL,34,0.12,0,12,4,TRUE,FALSE,FALSE,TRUE,54,2.02,0,20,4,TRUE,TRUE,FALSE,TRUE
0,DL,34,0.12,0,12,4,TRUE,FALSE,FALSE,TRUE,54,2.02,0,20,4,TRUE,TRUE,FALSE,TRUE
0,AA,34,0.12,0,12,4,TRUE,FALSE,FALSE,TRUE,54,2.02,0,20,4,TRUE,TRUE,FALSE,TRUE
0,DL,34,0.12,0,12,4,TRUE,FALSE,FALSE,TRUE,54,2.02,0,20,4,TRUE,TRUE,FALSE,TRUE
0,DL,34,0.12,0,12,4,TRUE,FALSE,FALSE,TRUE,54,2.02,0,20,4,TRUE,TRUE,FALSE,TRUE
0,DL,34,0.12,0,12,4,TRUE,FALSE,FALSE,TRUE,54,2.02,0,20,4,TRUE,TRUE,FALSE,TRUE
0,DL,34,0.12,0,12,4,TRUE,FALSE,FALSE,TRUE,54,2.02,0,20,4,TRUE,TRUE,FALSE,TRUE
0,DL,34,0.12,0,12,4,TRUE,FALSE,FALSE,TRUE,54,2.02,0,20,4,TRUE,TRUE,FALSE,TRUE
0,DL,29,0,0,28,4,TRUE,FALSE,FALSE,TRUE,60,0,0,16,10,FALSE,FALSE,FALSE,FALSE
0,AA,29,0,0,28,4,TRUE,FALSE,FALSE,TRUE,60,0,0,16,10,FALSE,FALSE,FALSE,FALSE
5,DL,29,0,0,28,4,TRUE,FALSE,FALSE,TRUE,60,0,0,16,10,FALSE,FALSE,FALSE,FALSE
15,WN,29,0,0,28,4,TRUE,FALSE,FALSE,TRUE,60,0,0,16,10,FALSE,FALSE,FALSE,FALSE
191,NK,29,0,0,28,4,TRUE,FALSE,FALSE,TRUE,60,0,0,16,10,FALSE,FALSE,FALSE,FALSE
0,OO,29,0,0,28,4,TRUE,FALSE,FALSE,TRUE,60,0,0,16,10,FALSE,FALSE,FALSE,FALSE
0,DL,29,0,0,28,4,TRUE,FALSE,FALSE,TRUE,60,0,0,16,10,FALSE,FALSE,FALSE,FALSE
0,WN,29,0,0,28,4,TRUE,FALSE,FALSE,TRUE,60,0,0,16,10,FALSE,FALSE,FALSE,FALSE
0,DL,29,0,0,28,4,TRUE,FALSE,FALSE,TRUE,60,0,0,16,10,FALSE,FALSE,FALSE,FALSE
0,DL,29,0,0,28,4,TRUE,FALSE,FALSE,TRUE,60,0,0,16,10,FALSE,FALSE,FALSE,FALSE
0,DL,29,0,0,28,4,TRUE,FALSE,FALSE,TRUE,60,0,0,16,10,FALSE,FALSE,FALSE,FALSE
0,OO,29,0,0,28,4,TRUE,FALSE,FALSE,TRUE,60,0,0,16,10,FALSE,FALSE,FALSE,FALSE
0,WN,29,0,0,28,4,TRUE,FALSE,FALSE,TRUE,60,0,0,16,10,FALSE,FALSE,FALSE,FALSE
0,DL,29,0,0,28,4,TRUE,FALSE,FALSE,TRUE,60,0,0,16,10,FALSE,FALSE,FALSE,FALSE
0,DL,29,0,0,28,4,TRUE,FALSE,FALSE,TRUE,60,0,0,16,10,FALSE,FALSE,FALSE,FALSE
0,WN,29,0,0,28,4,TRUE,FALSE,FALSE,TRUE,60,0,0,16,10,FALSE,FALSE,FALSE,FALSE
0,WN,29,0,0,28,4,TRUE,FALSE,FALSE,TRUE,60,0,0,16,10,FALSE,FALSE,FALSE,FALSE
0,WN,29,0,0,28,4,TRUE,FALSE,FALSE,TRUE,60,0,0,16,10,FALSE,FALSE,FALSE,FALSE
0,DL,29,0,0,28,4,TRUE,FALSE,FALSE,TRUE,60,0,0,16,10,FALSE,FALSE,FALSE,FALSE
0,DL,29,0,0,28,4,TRUE,FALSE,FALSE,TRUE,60,0,0,16,10,FALSE,FALSE,FALSE,FALSE
0,DL,29,0,0,28,4,TRUE,FALSE,FALSE,TRUE,60,0,0,16,10,FALSE,FALSE,FALSE,FALSE
0,DL,29,0,0,28,4,TRUE,FALSE,FALSE,TRUE,60,0,0,16,10,FALSE,FALSE,FALSE,FALSE
0,DL,29,0,0,28,4,TRUE,FALSE,FALSE,TRUE,60,0,0,16,10,FALSE,FALSE,FALSE,FALSE
0,AA,29,0,0,28,4,TRUE,FALSE,FALSE,TRUE,60,0,0,16,10,FALSE,FALSE,FALSE,FALSE
0,DL,29,0,0,28,4,TRUE,FALSE,FALSE,TRUE,60,0,0,16,10,FALSE,FALSE,FALSE,FALSE
0,UA,29,0,0,28,4,TRUE,FALSE,FALSE,TRUE,60,0,0,16,10,FALSE,FALSE,FALSE,FALSE
0,AA,29,0,0,28,4,TRUE,FALSE,FALSE,TRUE,60,0,0,16,10,FALSE,FALSE,FALSE,FALSE
0,WN,13,0,0,34,10,FALSE,FALSE,FALSE,FALSE,46,0,0,26,10,FALSE,FALSE,FALSE,FALSE
0,WN,13,0,0,34,10,FALSE,FALSE,FALSE,FALSE,46,0,0,26,10,FALSE,FALSE,FALSE,FALSE
0,UA,13,0,0,34,10,FALSE,FALSE,FALSE,FALSE,46,0,0,26,10,FALSE,FALSE,FALSE,FALSE
0,DL,13,0,0,34,10,FALSE,FALSE,FALSE,FALSE,46,0,0,26,10,FALSE,FALSE,FALSE,FALSE
0,AA,13,0,0,34,10,FALSE,FALSE,FALSE,FALSE,46,0,0,26,10,FALSE,FALSE,FALSE,FALSE
0,DL,13,0,0,34,10,FALSE,FALSE,FALSE,FALSE,46,0,0,26,10,FALSE,FALSE,FALSE,FALSE
0,AA,13,0,0,34,10,FALSE,FALSE,FALSE,FALSE,46,0,0,26,10,FALSE,FALSE,FALSE,FALSE
0,WN,13,0,0,34,10,FALSE,FALSE,FALSE,FALSE,46,0,0,26,10,FALSE,FALSE,FALSE,FALSE
0,DL,13,0,0,34,10,FALSE,FALSE,FALSE,FALSE,46,0,0,26,10,FALSE,FALSE,FALSE,FALSE
0,WN,13,0,0,34,10,FALSE,FALSE,FALSE,FALSE,46,0,0,26,10,FALSE,FALSE,FALSE,FALSE
0,WN,13,0,0,34,10,FALSE,FALSE,FALSE,FALSE,46,0,0,26,10,FALSE,FALSE,FALSE,FALSE
0,NK,13,0,0,34,10,FALSE,FALSE,FALSE,FALSE,46,0,0,26,10,FALSE,FALSE,FALSE,FALSE
0,DL,13,0,0,34,10,FALSE,FALSE,FALSE,FALSE,46,0,0,26,10,FALSE,FALSE,FALSE,FALSE
0,OO,13,0,0,34,10,FALSE,FALSE,FALSE,FALSE,46,0,0,26,10,FALSE,FALSE,FALSE,FALSE
0,AA,13,0,0,34,10,FALSE,FALSE,FALSE,FALSE,46,0,0,26,10,FALSE,FALSE,FALSE,FALSE
0,DL,13,0,0,34,10,FALSE,FALSE,FALSE,FALSE,46,0,0,26,10,FALSE,FALSE,FALSE,FALSE
0,DL,13,0,0,34,10,FALSE,FALSE,FALSE,FALSE,46,0,0,26,10,FALSE,FALSE,FALSE,FALSE
0,DL,13,0,0,34,10,FALSE,FALSE,FALSE,FALSE,46,0,0,26,10,FALSE,FALSE,FALSE,FALSE
0,DL,13,0,0,34,10,FALSE,FALSE,FALSE,FALSE,46,0,0,26,10,FALSE,FALSE,FALSE,FALSE
0,UA,13,0,0,34,10,FALSE,FALSE,FALSE,FALSE,46,0,0,26,10,FALSE,FALSE,FALSE,FALSE
0,DL,13,0,0,34,10,FALSE,FALSE,FALSE,FALSE,46,0,0,26,10,FALSE,FALSE,FALSE,FALSE
0,WN,13,0,0,34,10,FALSE,FALSE,FALSE,FALSE,46,0,0,26,10,FALSE,FALSE,FALSE,FALSE
0,UA,13,0,0,34,10,FALSE,FALSE,FALSE,FALSE,46,0,0,26,10,FALSE,FALSE,FALSE,FALSE
0,DL,13,0,0,34,10,FALSE,FALSE,FALSE,FALSE,46,0,0,26,10,FALSE,FALSE,FALSE,FALSE
0,DL,13,0,0,34,10,FALSE,FALSE,FALSE,FALSE,46,0,0,26,10,FALSE,FALSE,FALSE,FALSE
0,DL,13,0,0,34,10,FALSE,FALSE,FALSE,FALSE,46,0,0,26,10,FALSE,FALSE,FALSE,FALSE
0,DL,13,0,0,34,10,FALSE,FALSE,FALSE,FALSE,46,0,0,26,10,FALSE,FALSE,FALSE,FALSE
0,DL,13,0,0,34,10,FALSE,FALSE,FALSE,FALSE,46,0,0,26,10,FALSE,FALSE,FALSE,FALSE
0,UA,13,0,0,34,10,FALSE,FALSE,FALSE,FALSE,46,0,0,26,10,FALSE,FALSE,FALSE,FALSE
0,AA,8,0,0,24,10,FALSE,FALSE,FALSE,FALSE,42,0,0,15,10,FALSE,FALSE,FALSE,FALSE
0,WN,8,0,0,24,10,FALSE,FALSE,FALSE,FALSE,42,0,0,15,10,FALSE,FALSE,FALSE,FALSE
0,UA,8,0,0,24,10,FALSE,FALSE,FALSE,FALSE,42,0,0,15,10,FALSE,FALSE,FALSE,FALSE
25,NK,8,0,0,24,10,FALSE,FALSE,FALSE,FALSE,42,0,0,15,10,FALSE,FALSE,FALSE,FALSE
0,DL,8,0,0,24,10,FALSE,FALSE,FALSE,FALSE,42,0,0,15,10,FALSE,FALSE,FALSE,FALSE
0,OO,8,0,0,24,10,FALSE,FALSE,FALSE,FALSE,42,0,0,15,10,FALSE,FALSE,FALSE,FALSE
0,WN,8,0,0,24,10,FALSE,FALSE,FALSE,FALSE,42,0,0,15,10,FALSE,FALSE,FALSE,FALSE
0,AA,8,0,0,24,10,FALSE,FALSE,FALSE,FALSE,42,0,0,15,10,FALSE,FALSE,FALSE,FALSE
0,DL,8,0,0,24,10,FALSE,FALSE,FALSE,FALSE,42,0,0,15,10,FALSE,FALSE,FALSE,FALSE
0,OO,8,0,0,24,10,FALSE,FALSE,FALSE,FALSE,42,0,0,15,10,FALSE,FALSE,FALSE,FALSE
0,WN,8,0,0,24,10,FALSE,FALSE,FALSE,FALSE,42,0,0,15,10,FALSE,FALSE,FALSE,FALSE
0,DL,8,0,0,24,10,FALSE,FALSE,FALSE,FALSE,42,0,0,15,10,FALSE,FALSE,FALSE,FALSE
0,DL,8,0,0,24,10,FALSE,FALSE,FALSE,FALSE,42,0,0,15,10,FALSE,FALSE,FALSE,FALSE
0,UA,8,0,0,24,10,FALSE,FALSE,FALSE,FALSE,42,0,0,15,10,FALSE,FALSE,FALSE,FALSE
0,UA,8,0,0,24,10,FALSE,FALSE,FALSE,FALSE,42,0,0,15,10,FALSE,FALSE,FALSE,FALSE
0,DL,8,0,0,24,10,FALSE,FALSE,FALSE,FALSE,42,0,0,15,10,FALSE,FALSE,FALSE,FALSE
0,DL,8,0,0,24,10,FALSE,FALSE,FALSE,FALSE,42,0,0,15,10,FALSE,FALSE,FALSE,FALSE
0,AA,8,0,0,24,10,FALSE,FALSE,FALSE,FALSE,42,0,0,15,10,FALSE,FALSE,FALSE,FALSE
0,WN,8,0,0,24,10,FALSE,FALSE,FALSE,FALSE,42,0,0,15,10,FALSE,FALSE,FALSE,FALSE
0,DL,8,0,0,24,10,FALSE,FALSE,FALSE,FALSE,42,0,0,15,10,FALSE,FALSE,FALSE,FALSE
0,WN,8,0,0,24,10,FALSE,FALSE,FALSE,FALSE,42,0,0,15,10,FALSE,FALSE,FALSE,FALSE
0,WN,8,0,0,24,10,FALSE,FALSE,FALSE,FALSE,42,0,0,15,10,FALSE,FALSE,FALSE,FALSE
0,DL,8,0,0,24,10,FALSE,FALSE,FALSE,FALSE,42,0,0,15,10,FALSE,FALSE,FALSE,FALSE
0,UA,8,0,0,24,10,FALSE,FALSE,FALSE,FALSE,42,0,0,15,10,FALSE,FALSE,FALSE,FALSE
0,DL,8,0,0,24,10,FALSE,FALSE,FALSE,FALSE,42,0,0,15,10,FALSE,FALSE,FALSE,FALSE
0,DL,8,0,0,24,10,FALSE,FALSE,FALSE,FALSE,42,0,0,15,10,FALSE,FALSE,FALSE,FALSE
0,DL,8,0,0,24,10,FALSE,FALSE,FALSE,FALSE,42,0,0,15,10,FALSE,FALSE,FALSE,FALSE
0,DL,8,0,0,24,10,FALSE,FALSE,FALSE,FALSE,42,0,0,15,10,FALSE,FALSE,FALSE,FALSE
0,WN,8,0,0,24,10,FALSE,FALSE,FALSE,FALSE,42,0,0,15,10,FALSE,FALSE,FALSE,FALSE
0,DL,8,0,0,24,10,FALSE,FALSE,FALSE,FALSE,42,0,0,15,10,FALSE,FALSE,FALSE,FALSE
0,DL,8,0,0,24,10,FALSE,FALSE,FALSE,FALSE,42,0,0,15,10,FALSE,FALSE,FALSE,FALSE
17,DL,5,0,0,19,10,FALSE,FALSE,FALSE,FALSE,37,0.46,0,23,8,TRUE,FALSE,FALSE,FALSE
17,DL,5,0,0,19,10,FALSE,FALSE,FALSE,FALSE,37,0.46,0,23,8,TRUE,FALSE,FALSE,FALSE
20,AA,5,0,0,19,10,FALSE,FALSE,FALSE,FALSE,37,0.46,0,23,8,TRUE,FALSE,FALSE,FALSE
24,DL,5,0,0,19,10,FALSE,FALSE,FALSE,FALSE,37,0.46,0,23,8,TRUE,FALSE,FALSE,FALSE
44,NK,5,0,0,19,10,FALSE,FALSE,FALSE,FALSE,37,0.46,0,23,8,TRUE,FALSE,FALSE,FALSE
84,OO,5,0,0,19,10,FALSE,FALSE,FALSE,FALSE,37,0.46,0,23,8,TRUE,FALSE,FALSE,FALSE
0,DL,5,0,0,19,10,FALSE,FALSE,FALSE,FALSE,37,0.46,0,23,8,TRUE,FALSE,FALSE,FALSE
0,DL,5,0,0,19,10,FALSE,FALSE,FALSE,FALSE,37,0.46,0,23,8,TRUE,FALSE,FALSE,FALSE
0,AA,5,0,0,19,10,FALSE,FALSE,FALSE,FALSE,37,0.46,0,23,8,TRUE,FALSE,FALSE,FALSE
0,DL,5,0,0,19,10,FALSE,FALSE,FALSE,FALSE,37,0.46,0,23,8,TRUE,FALSE,FALSE,FALSE
0,WN,5,0,0,19,10,FALSE,FALSE,FALSE,FALSE,37,0.46,0,23,8,TRUE,FALSE,FALSE,FALSE
0,DL,5,0,0,19,10,FALSE,FALSE,FALSE,FALSE,37,0.46,0,23,8,TRUE,FALSE,FALSE,FALSE
0,DL,5,0,0,19,10,FALSE,FALSE,FALSE,FALSE,37,0.46,0,23,8,TRUE,FALSE,FALSE,FALSE
0,DL,5,0,0,19,10,FALSE,FALSE,FALSE,FALSE,37,0.46,0,23,8,TRUE,FALSE,FALSE,FALSE
0,AA,5,0,0,19,10,FALSE,FALSE,FALSE,FALSE,37,0.46,0,23,8,TRUE,FALSE,FALSE,FALSE
0,UA,5,0,0,19,10,FALSE,FALSE,FALSE,FALSE,37,0.46,0,23,8,TRUE,FALSE,FALSE,FALSE
0,DL,5,0,0,19,10,FALSE,FALSE,FALSE,FALSE,37,0.46,0,23,8,TRUE,FALSE,FALSE,FALSE
0,UA,5,0,0,19,10,FALSE,FALSE,FALSE,FALSE,37,0.46,0,23,8,TRUE,FALSE,FALSE,FALSE
0,UA,5,0,0,19,10,FALSE,FALSE,FALSE,FALSE,37,0.46,0,23,8,TRUE,FALSE,FALSE,FALSE
0,UA,5,0,0,19,10,FALSE,FALSE,FALSE,FALSE,37,0.46,0,23,8,TRUE,FALSE,FALSE,FALSE
0,WN,5,0,0,19,10,FALSE,FALSE,FALSE,FALSE,37,0.46,0,23,8,TRUE,FALSE,FALSE,FALSE
0,WN,5,0,0,19,10,FALSE,FALSE,FALSE,FALSE,37,0.46,0,23,8,TRUE,FALSE,FALSE,FALSE
0,WN,5,0,0,19,10,FALSE,FALSE,FALSE,FALSE,37,0.46,0,23,8,TRUE,FALSE,FALSE,FALSE
0,WN,5,0,0,19,10,FALSE,FALSE,FALSE,FALSE,37,0.46,0,23,8,TRUE,FALSE,FALSE,FALSE
0,WN,5,0,0,19,10,FALSE,FALSE,FALSE,FALSE,37,0.46,0,23,8,TRUE,FALSE,FALSE,FALSE
0,DL,5,0,0,19,10,FALSE,FALSE,FALSE,FALSE,37,0.46,0,23,8,TRUE,FALSE,FALSE,FALSE
0,DL,5,0,0,19,10,FALSE,FALSE,FALSE,FALSE,37,0.46,0,23,8,TRUE,FALSE,FALSE,FALSE
0,DL,5,0,0,19,10,FALSE,FALSE,FALSE,FALSE,37,0.46,0,23,8,TRUE,FALSE,FALSE,FALSE
0,DL,5,0,0,19,10,FALSE,FALSE,FALSE,FALSE,37,0.46,0,23,8,TRUE,FALSE,FALSE,FALSE
0,OO,5,0,0,19,10,FALSE,FALSE,FALSE,FALSE,37,0.46,0,23,8,TRUE,FALSE,FALSE,FALSE
0,DL,9,0,0,27,10,FALSE,FALSE,FALSE,FALSE,26,0.02,0,30,9,TRUE,FALSE,FALSE,FALSE
0,DL,9,0,0,27,10,FALSE,FALSE,FALSE,FALSE,26,0.02,0,30,9,TRUE,FALSE,FALSE,FALSE
0,DL,9,0,0,27,10,FALSE,FALSE,FALSE,FALSE,26,0.02,0,30,9,TRUE,FALSE,FALSE,FALSE
45,DL,9,0,0,27,10,FALSE,FALSE,FALSE,FALSE,26,0.02,0,30,9,TRUE,FALSE,FALSE,FALSE
48,NK,9,0,0,27,10,FALSE,FALSE,FALSE,FALSE,26,0.02,0,30,9,TRUE,FALSE,FALSE,FALSE
71,DL,9,0,0,27,10,FALSE,FALSE,FALSE,FALSE,26,0.02,0,30,9,TRUE,FALSE,FALSE,FALSE
103,DL,9,0,0,27,10,FALSE,FALSE,FALSE,FALSE,26,0.02,0,30,9,TRUE,FALSE,FALSE,FALSE
117,DL,9,0,0,27,10,FALSE,FALSE,FALSE,FALSE,26,0.02,0,30,9,TRUE,FALSE,FALSE,FALSE
151,DL,9,0,0,27,10,FALSE,FALSE,FALSE,FALSE,26,0.02,0,30,9,TRUE,FALSE,FALSE,FALSE
201,DL,9,0,0,27,10,FALSE,FALSE,FALSE,FALSE,26,0.02,0,30,9,TRUE,FALSE,FALSE,FALSE
0,DL,9,0,0,27,10,FALSE,FALSE,FALSE,FALSE,26,0.02,0,30,9,TRUE,FALSE,FALSE,FALSE
0,WN,9,0,0,27,10,FALSE,FALSE,FALSE,FALSE,26,0.02,0,30,9,TRUE,FALSE,FALSE,FALSE
0,AA,9,0,0,27,10,FALSE,FALSE,FALSE,FALSE,26,0.02,0,30,9,TRUE,FALSE,FALSE,FALSE
0,WN,9,0,0,27,10,FALSE,FALSE,FALSE,FALSE,26,0.02,0,30,9,TRUE,FALSE,FALSE,FALSE
0,AA,9,0,0,27,10,FALSE,FALSE,FALSE,FALSE,26,0.02,0,30,9,TRUE,FALSE,FALSE,FALSE
0,AA,9,0,0,27,10,FALSE,FALSE,FALSE,FALSE,26,0.02,0,30,9,TRUE,FALSE,FALSE,FALSE
0,UA,9,0,0,27,10,FALSE,FALSE,FALSE,FALSE,26,0.02,0,30,9,TRUE,FALSE,FALSE,FALSE
0,UA,9,0,0,27,10,FALSE,FALSE,FALSE,FALSE,26,0.02,0,30,9,TRUE,FALSE,FALSE,FALSE
0,WN,9,0,0,27,10,FALSE,FALSE,FALSE,FALSE,26,0.02,0,30,9,TRUE,FALSE,FALSE,FALSE
0,DL,9,0,0,27,10,FALSE,FALSE,FALSE,FALSE,26,0.02,0,30,9,TRUE,FALSE,FALSE,FALSE
0,OO,9,0,0,27,10,FALSE,FALSE,FALSE,FALSE,26,0.02,0,30,9,TRUE,FALSE,FALSE,FALSE
0,DL,9,0,0,27,10,FALSE,FALSE,FALSE,FALSE,26,0.02,0,30,9,TRUE,FALSE,FALSE,FALSE
0,WN,9,0,0,27,10,FALSE,FALSE,FALSE,FALSE,26,0.02,0,30,9,TRUE,FALSE,FALSE,FALSE
0,DL,11,0,0,25,10,FALSE,FALSE,FALSE,FALSE,25,0,0,19,9,FALSE,FALSE,FALSE,FALSE
0,DL,11,0,0,25,10,FALSE,FALSE,FALSE,FALSE,25,0,0,19,9,FALSE,FALSE,FALSE,FALSE
0,UA,11,0,0,25,10,FALSE,FALSE,FALSE,FALSE,25,0,0,19,9,FALSE,FALSE,FALSE,FALSE
0,DL,11,0,0,25,10,FALSE,FALSE,FALSE,FALSE,25,0,0,19,9,FALSE,FALSE,FALSE,FALSE
16,DL,11,0,0,25,10,FALSE,FALSE,FALSE,FALSE,25,0,0,19,9,FALSE,FALSE,FALSE,FALSE
30,UA,11,0,0,25,10,FALSE,FALSE,FALSE,FALSE,25,0,0,19,9,FALSE,FALSE,FALSE,FALSE
44,AA,11,0,0,25,10,FALSE,FALSE,FALSE,FALSE,25,0,0,19,9,FALSE,FALSE,FALSE,FALSE
0,DL,11,0,0,25,10,FALSE,FALSE,FALSE,FALSE,25,0,0,19,9,FALSE,FALSE,FALSE,FALSE
0,DL,11,0,0,25,10,FALSE,FALSE,FALSE,FALSE,25,0,0,19,9,FALSE,FALSE,FALSE,FALSE
0,WN,11,0,0,25,10,FALSE,FALSE,FALSE,FALSE,25,0,0,19,9,FALSE,FALSE,FALSE,FALSE
0,AA,11,0,0,25,10,FALSE,FALSE,FALSE,FALSE,25,0,0,19,9,FALSE,FALSE,FALSE,FALSE
0,OO,11,0,0,25,10,FALSE,FALSE,FALSE,FALSE,25,0,0,19,9,FALSE,FALSE,FALSE,FALSE
0,WN,11,0,0,25,10,FALSE,FALSE,FALSE,FALSE,25,0,0,19,9,FALSE,FALSE,FALSE,FALSE
0,DL,11,0,0,25,10,FALSE,FALSE,FALSE,FALSE,25,0,0,19,9,FALSE,FALSE,FALSE,FALSE
0,OO,11,0,0,25,10,FALSE,FALSE,FALSE,FALSE,25,0,0,19,9,FALSE,FALSE,FALSE,FALSE
0,AA,11,0,0,25,10,FALSE,FALSE,FALSE,FALSE,25,0,0,19,9,FALSE,FALSE,FALSE,FALSE
0,WN,11,0,0,25,10,FALSE,FALSE,FALSE,FALSE,25,0,0,19,9,FALSE,FALSE,FALSE,FALSE
0,WN,11,0,0,25,10,FALSE,FALSE,FALSE,FALSE,25,0,0,19,9,FALSE,FALSE,FALSE,FALSE
0,DL,11,0,0,25,10,FALSE,FALSE,FALSE,FALSE,25,0,0,19,9,FALSE,FALSE,FALSE,FALSE
0,WN,11,0,0,25,10,FALSE,FALSE,FALSE,FALSE,25,0,0,19,9,FALSE,FALSE,FALSE,FALSE
0,WN,11,0,0,25,10,FALSE,FALSE,FALSE,FALSE,25,0,0,19,9,FALSE,FALSE,FALSE,FALSE
0,DL,11,0,0,25,10,FALSE,FALSE,FALSE,FALSE,25,0,0,19,9,FALSE,FALSE,FALSE,FALSE
0,DL,11,0,0,25,10,FALSE,FALSE,FALSE,FALSE,25,0,0,19,9,FALSE,FALSE,FALSE,FALSE
0,DL,11,0,0,25,10,FALSE,FALSE,FALSE,FALSE,25,0,0,19,9,FALSE,FALSE,FALSE,FALSE
0,DL,11,0,0,25,10,FALSE,FALSE,FALSE,FALSE,25,0,0,19,9,FALSE,FALSE,FALSE,FALSE
0,DL,11,0,0,25,10,FALSE,FALSE,FALSE,FALSE,25,0,0,19,9,FALSE,FALSE,FALSE,FALSE
0,NK,11,0,0,25,10,FALSE,FALSE,FALSE,FALSE,25,0,0,19,9,FALSE,FALSE,FALSE,FALSE
0,DL,11,0,0,25,10,FALSE,FALSE,FALSE,FALSE,25,0,0,19,9,FALSE,FALSE,FALSE,FALSE
0,DL,11,0,0,25,10,FALSE,FALSE,FALSE,FALSE,25,0,0,19,9,FALSE,FALSE,FALSE,FALSE
0,WN,28,0.02,0.2,27,8,FALSE,FALSE,TRUE,FALSE,34,0,0,18,10,FALSE,FALSE,FALSE,FALSE
0,DL,28,0.02,0.2,27,8,FALSE,FALSE,TRUE,FALSE,34,0,0,18,10,FALSE,FALSE,FALSE,FALSE
0,DL,28,0.02,0.2,27,8,FALSE,FALSE,TRUE,FALSE,34,0,0,18,10,FALSE,FALSE,FALSE,FALSE
8,DL,28,0.02,0.2,27,8,FALSE,FALSE,TRUE,FALSE,34,0,0,18,10,FALSE,FALSE,FALSE,FALSE
0,AA,28,0.02,0.2,27,8,FALSE,FALSE,TRUE,FALSE,34,0,0,18,10,FALSE,FALSE,FALSE,FALSE
0,AA,28,0.02,0.2,27,8,FALSE,FALSE,TRUE,FALSE,34,0,0,18,10,FALSE,FALSE,FALSE,FALSE
0,DL,28,0.02,0.2,27,8,FALSE,FALSE,TRUE,FALSE,34,0,0,18,10,FALSE,FALSE,FALSE,FALSE
0,WN,28,0.02,0.2,27,8,FALSE,FALSE,TRUE,FALSE,34,0,0,18,10,FALSE,FALSE,FALSE,FALSE
0,UA,28,0.02,0.2,27,8,FALSE,FALSE,TRUE,FALSE,34,0,0,18,10,FALSE,FALSE,FALSE,FALSE
0,NK,28,0.02,0.2,27,8,FALSE,FALSE,TRUE,FALSE,34,0,0,18,10,FALSE,FALSE,FALSE,FALSE
0,DL,28,0.02,0.2,27,8,FALSE,FALSE,TRUE,FALSE,34,0,0,18,10,FALSE,FALSE,FALSE,FALSE
0,DL,28,0.02,0.2,27,8,FALSE,FALSE,TRUE,FALSE,34,0,0,18,10,FALSE,FALSE,FALSE,FALSE
0,DL,28,0.02,0.2,27,8,FALSE,FALSE,TRUE,FALSE,34,0,0,18,10,FALSE,FALSE,FALSE,FALSE
0,OO,28,0.02,0.2,27,8,FALSE,FALSE,TRUE,FALSE,34,0,0,18,10,FALSE,FALSE,FALSE,FALSE
0,DL,28,0.02,0.2,27,8,FALSE,FALSE,TRUE,FALSE,34,0,0,18,10,FALSE,FALSE,FALSE,FALSE
0,WN,28,0.02,0.2,27,8,FALSE,FALSE,TRUE,FALSE,34,0,0,18,10,FALSE,FALSE,FALSE,FALSE
0,WN,28,0.02,0.2,27,8,FALSE,FALSE,TRUE,FALSE,34,0,0,18,10,FALSE,FALSE,FALSE,FALSE
0,UA,28,0.02,0.2,27,8,FALSE,FALSE,TRUE,FALSE,34,0,0,18,10,FALSE,FALSE,FALSE,FALSE
0,AA,28,0.02,0.2,27,8,FALSE,FALSE,TRUE,FALSE,34,0,0,18,10,FALSE,FALSE,FALSE,FALSE
0,DL,28,0.02,0.2,27,8,FALSE,FALSE,TRUE,FALSE,34,0,0,18,10,FALSE,FALSE,FALSE,FALSE
0,OO,28,0.02,0.2,27,8,FALSE,FALSE,TRUE,FALSE,34,0,0,18,10,FALSE,FALSE,FALSE,FALSE
0,DL,28,0.02,0.2,27,8,FALSE,FALSE,TRUE,FALSE,34,0,0,18,10,FALSE,FALSE,FALSE,FALSE
0,WN,28,0.02,0.2,27,8,FALSE,FALSE,TRUE,FALSE,34,0,0,18,10,FALSE,FALSE,FALSE,FALSE
0,DL,28,0.02,0.2,27,8,FALSE,FALSE,TRUE,FALSE,34,0,0,18,10,FALSE,FALSE,FALSE,FALSE
0,DL,28,0.02,0.2,27,8,FALSE,FALSE,TRUE,FALSE,34,0,0,18,10,FALSE,FALSE,FALSE,FALSE
0,DL,28,0.02,0.2,27,8,FALSE,FALSE,TRUE,FALSE,34,0,0,18,10,FALSE,FALSE,FALSE,FALSE
0,UA,28,0.02,0.2,27,8,FALSE,FALSE,TRUE,FALSE,34,0,0,18,10,FALSE,FALSE,FALSE,FALSE
0,DL,28,0.02,0.2,27,8,FALSE,FALSE,TRUE,FALSE,34,0,0,18,10,FALSE,FALSE,FALSE,FALSE
0,DL,28,0.02,0.2,27,8,FALSE,FALSE,TRUE,FALSE,34,0,0,18,10,FALSE,FALSE,FALSE,FALSE
0,WN,28,0.02,0.2,27,8,FALSE,FALSE,TRUE,FALSE,34,0,0,18,10,FALSE,FALSE,FALSE,FALSE
0,UA,28,0.02,0.2,27,8,FALSE,FALSE,TRUE,FALSE,34,0,0,18,10,FALSE,FALSE,FALSE,FALSE
0,DL,28,0.02,0.2,27,8,FALSE,FALSE,TRUE,FALSE,34,0,0,18,10,FALSE,FALSE,FALSE,FALSE
0,DL,28,0.02,0.2,27,8,FALSE,FALSE,TRUE,FALSE,34,0,0,18,10,FALSE,FALSE,FALSE,FALSE
0,DL,28,0.02,0.2,27,8,FALSE,FALSE,TRUE,FALSE,34,0,0,18,10,FALSE,FALSE,FALSE,FALSE
0,DL,38,0.2,0,56,8,TRUE,FALSE,FALSE,FALSE,43,0,0,23,10,FALSE,FALSE,FALSE,FALSE
0,UA,38,0.2,0,56,8,TRUE,FALSE,FALSE,FALSE,43,0,0,23,10,FALSE,FALSE,FALSE,FALSE
0,UA,38,0.2,0,56,8,TRUE,FALSE,FALSE,FALSE,43,0,0,23,10,FALSE,FALSE,FALSE,FALSE
0,WN,38,0.2,0,56,8,TRUE,FALSE,FALSE,FALSE,43,0,0,23,10,FALSE,FALSE,FALSE,FALSE
0,AA,38,0.2,0,56,8,TRUE,FALSE,FALSE,FALSE,43,0,0,23,10,FALSE,FALSE,FALSE,FALSE
0,AA,38,0.2,0,56,8,TRUE,FALSE,FALSE,FALSE,43,0,0,23,10,FALSE,FALSE,FALSE,FALSE
5,DL,38,0.2,0,56,8,TRUE,FALSE,FALSE,FALSE,43,0,0,23,10,FALSE,FALSE,FALSE,FALSE
9,DL,38,0.2,0,56,8,TRUE,FALSE,FALSE,FALSE,43,0,0,23,10,FALSE,FALSE,FALSE,FALSE
13,DL,38,0.2,0,56,8,TRUE,FALSE,FALSE,FALSE,43,0,0,23,10,FALSE,FALSE,FALSE,FALSE
14,DL,38,0.2,0,56,8,TRUE,FALSE,FALSE,FALSE,43,0,0,23,10,FALSE,FALSE,FALSE,FALSE
17,DL,38,0.2,0,56,8,TRUE,FALSE,FALSE,FALSE,43,0,0,23,10,FALSE,FALSE,FALSE,FALSE
22,NK,38,0.2,0,56,8,TRUE,FALSE,FALSE,FALSE,43,0,0,23,10,FALSE,FALSE,FALSE,FALSE
0,UA,38,0.2,0,56,8,TRUE,FALSE,FALSE,FALSE,43,0,0,23,10,FALSE,FALSE,FALSE,FALSE
0,UA,38,0.2,0,56,8,TRUE,FALSE,FALSE,FALSE,43,0,0,23,10,FALSE,FALSE,FALSE,FALSE
0,WN,38,0.2,0,56,8,TRUE,FALSE,FALSE,FALSE,43,0,0,23,10,FALSE,FALSE,FALSE,FALSE
0,WN,38,0.2,0,56,8,TRUE,FALSE,FALSE,FALSE,43,0,0,23,10,FALSE,FALSE,FALSE,FALSE
0,OO,38,0.2,0,56,8,TRUE,FALSE,FALSE,FALSE,43,0,0,23,10,FALSE,FALSE,FALSE,FALSE
0,WN,38,0.2,0,56,8,TRUE,FALSE,FALSE,FALSE,43,0,0,23,10,FALSE,FALSE,FALSE,FALSE
0,AA,38,0.2,0,56,8,TRUE,FALSE,FALSE,FALSE,43,0,0,23,10,FALSE,FALSE,FALSE,FALSE
0,WN,38,0.2,0,56,8,TRUE,FALSE,FALSE,FALSE,43,0,0,23,10,FALSE,FALSE,FALSE,FALSE
0,DL,38,0.2,0,56,8,TRUE,FALSE,FALSE,FALSE,43,0,0,23,10,FALSE,FALSE,FALSE,FALSE
0,DL,38,0.2,0,56,8,TRUE,FALSE,FALSE,FALSE,43,0,0,23,10,FALSE,FALSE,FALSE,FALSE
0,DL,38,0.2,0,56,8,TRUE,FALSE,FALSE,FALSE,43,0,0,23,10,FALSE,FALSE,FALSE,FALSE
0,DL,38,0.2,0,56,8,TRUE,FALSE,FALSE,FALSE,43,0,0,23,10,FALSE,FALSE,FALSE,FALSE
0,DL,38,0.2,0,56,8,TRUE,FALSE,FALSE,FALSE,43,0,0,23,10,FALSE,FALSE,FALSE,FALSE
0,DL,38,0.2,0,56,8,TRUE,FALSE,FALSE,FALSE,43,0,0,23,10,FALSE,FALSE,FALSE,FALSE
0,DL,38,0.2,0,56,8,TRUE,FALSE,FALSE,FALSE,43,0,0,23,10,FALSE,FALSE,FALSE,FALSE
0,WN,38,0.2,0,56,8,TRUE,FALSE,FALSE,FALSE,43,0,0,23,10,FALSE,FALSE,FALSE,FALSE
0,DL,38,0.2,0,56,8,TRUE,FALSE,FALSE,FALSE,43,0,0,23,10,FALSE,FALSE,FALSE,FALSE
0,DL,38,0.2,0,56,8,TRUE,FALSE,FALSE,FALSE,43,0,0,23,10,FALSE,FALSE,FALSE,FALSE
0,DL,38,0.2,0,56,8,TRUE,FALSE,FALSE,FALSE,43,0,0,23,10,FALSE,FALSE,FALSE,FALSE
0,DL,38,0.2,0,56,8,TRUE,FALSE,FALSE,FALSE,43,0,0,23,10,FALSE,FALSE,FALSE,FALSE
0,WN,34,0.33,0,29,6,TRUE,TRUE,FALSE,TRUE,59,0,0,24,10,FALSE,FALSE,FALSE,FALSE
5,UA,34,0.33,0,29,6,TRUE,TRUE,FALSE,TRUE,59,0,0,24,10,FALSE,FALSE,FALSE,FALSE
69,DL,34,0.33,0,29,6,TRUE,TRUE,FALSE,TRUE,59,0,0,24,10,FALSE,FALSE,FALSE,FALSE
0,DL,34,0.33,0,29,6,TRUE,TRUE,FALSE,TRUE,59,0,0,24,10,FALSE,FALSE,FALSE,FALSE
0,AA,34,0.33,0,29,6,TRUE,TRUE,FALSE,TRUE,59,0,0,24,10,FALSE,FALSE,FALSE,FALSE
0,DL,34,0.33,0,29,6,TRUE,TRUE,FALSE,TRUE,59,0,0,24,10,FALSE,FALSE,FALSE,FALSE
0,DL,34,0.33,0,29,6,TRUE,TRUE,FALSE,TRUE,59,0,0,24,10,FALSE,FALSE,FALSE,FALSE
0,DL,34,0.33,0,29,6,TRUE,TRUE,FALSE,TRUE,59,0,0,24,10,FALSE,FALSE,FALSE,FALSE
0,AA,34,0.33,0,29,6,TRUE,TRUE,FALSE,TRUE,59,0,0,24,10,FALSE,FALSE,FALSE,FALSE
0,WN,34,0.33,0,29,6,TRUE,TRUE,FALSE,TRUE,59,0,0,24,10,FALSE,FALSE,FALSE,FALSE
0,WN,34,0.33,0,29,6,TRUE,TRUE,FALSE,TRUE,59,0,0,24,10,FALSE,FALSE,FALSE,FALSE
0,DL,34,0.33,0,29,6,TRUE,TRUE,FALSE,TRUE,59,0,0,24,10,FALSE,FALSE,FALSE,FALSE
0,DL,34,0.33,0,29,6,TRUE,TRUE,FALSE,TRUE,59,0,0,24,10,FALSE,FALSE,FALSE,FALSE
0,UA,34,0.33,0,29,6,TRUE,TRUE,FALSE,TRUE,59,0,0,24,10,FALSE,FALSE,FALSE,FALSE
0,UA,34,0.33,0,29,6,TRUE,TRUE,FALSE,TRUE,59,0,0,24,10,FALSE,FALSE,FALSE,FALSE
0,WN,34,0.33,0,29,6,TRUE,TRUE,FALSE,TRUE,59,0,0,24,10,FALSE,FALSE,FALSE,FALSE
0,DL,34,0.33,0,29,6,TRUE,TRUE,FALSE,TRUE,59,0,0,24,10,FALSE,FALSE,FALSE,FALSE
0,AA,34,0.33,0,29,6,TRUE,TRUE,FALSE,TRUE,59,0,0,24,10,FALSE,FALSE,FALSE,FALSE
0,NK,34,0.33,0,29,6,TRUE,TRUE,FALSE,TRUE,59,0,0,24,10,FALSE,FALSE,FALSE,FALSE
0,OO,34,0.33,0,29,6,TRUE,TRUE,FALSE,TRUE,59,0,0,24,10,FALSE,FALSE,FALSE,FALSE
0,DL,34,0.33,0,29,6,TRUE,TRUE,FALSE,TRUE,59,0,0,24,10,FALSE,FALSE,FALSE,FALSE
0,DL,34,0.33,0,29,6,TRUE,TRUE,FALSE,TRUE,59,0,0,24,10,FALSE,FALSE,FALSE,FALSE
0,DL,34,0.33,0,29,6,TRUE,TRUE,FALSE,TRUE,59,0,0,24,10,FALSE,FALSE,FALSE,FALSE
0,DL,34,0.33,0,29,6,TRUE,TRUE,FALSE,TRUE,59,0,0,24,10,FALSE,FALSE,FALSE,FALSE
0,UA,34,0.33,0,29,6,TRUE,TRUE,FALSE,TRUE,59,0,0,24,10,FALSE,FALSE,FALSE,FALSE
0,DL,34,0.33,0,29,6,TRUE,TRUE,FALSE,TRUE,59,0,0,24,10,FALSE,FALSE,FALSE,FALSE
0,DL,34,0.33,0,29,6,TRUE,TRUE,FALSE,TRUE,59,0,0,24,10,FALSE,FALSE,FALSE,FALSE
0,DL,34,0.33,0,29,6,TRUE,TRUE,FALSE,TRUE,59,0,0,24,10,FALSE,FALSE,FALSE,FALSE
0,WN,34,0.33,0,29,6,TRUE,TRUE,FALSE,TRUE,59,0,0,24,10,FALSE,FALSE,FALSE,FALSE
0,DL,34,0.33,0,29,6,TRUE,TRUE,FALSE,TRUE,59,0,0,24,10,FALSE,FALSE,FALSE,FALSE
0,DL,34,0.33,0,29,6,TRUE,TRUE,FALSE,TRUE,59,0,0,24,10,FALSE,FALSE,FALSE,FALSE
0,WN,34,0.33,0,29,6,TRUE,TRUE,FALSE,TRUE,59,0,0,24,10,FALSE,FALSE,FALSE,FALSE
0,UA,24,0.05,0.2,21,7,TRUE,FALSE,TRUE,FALSE,59,0,0,19,10,FALSE,FALSE,FALSE,FALSE
0,AA,24,0.05,0.2,21,7,TRUE,FALSE,TRUE,FALSE,59,0,0,19,10,FALSE,FALSE,FALSE,FALSE
0,DL,24,0.05,0.2,21,7,TRUE,FALSE,TRUE,FALSE,59,0,0,19,10,FALSE,FALSE,FALSE,FALSE
0,UA,24,0.05,0.2,21,7,TRUE,FALSE,TRUE,FALSE,59,0,0,19,10,FALSE,FALSE,FALSE,FALSE
0,DL,24,0.05,0.2,21,7,TRUE,FALSE,TRUE,FALSE,59,0,0,19,10,FALSE,FALSE,FALSE,FALSE
0,UA,24,0.05,0.2,21,7,TRUE,FALSE,TRUE,FALSE,59,0,0,19,10,FALSE,FALSE,FALSE,FALSE
8,DL,24,0.05,0.2,21,7,TRUE,FALSE,TRUE,FALSE,59,0,0,19,10,FALSE,FALSE,FALSE,FALSE
11,DL,24,0.05,0.2,21,7,TRUE,FALSE,TRUE,FALSE,59,0,0,19,10,FALSE,FALSE,FALSE,FALSE
12,DL,24,0.05,0.2,21,7,TRUE,FALSE,TRUE,FALSE,59,0,0,19,10,FALSE,FALSE,FALSE,FALSE
15,WN,24,0.05,0.2,21,7,TRUE,FALSE,TRUE,FALSE,59,0,0,19,10,FALSE,FALSE,FALSE,FALSE
22,NK,24,0.05,0.2,21,7,TRUE,FALSE,TRUE,FALSE,59,0,0,19,10,FALSE,FALSE,FALSE,FALSE
28,WN,24,0.05,0.2,21,7,TRUE,FALSE,TRUE,FALSE,59,0,0,19,10,FALSE,FALSE,FALSE,FALSE
29,DL,24,0.05,0.2,21,7,TRUE,FALSE,TRUE,FALSE,59,0,0,19,10,FALSE,FALSE,FALSE,FALSE
30,DL,24,0.05,0.2,21,7,TRUE,FALSE,TRUE,FALSE,59,0,0,19,10,FALSE,FALSE,FALSE,FALSE
0,DL,24,0.05,0.2,21,7,TRUE,FALSE,TRUE,FALSE,59,0,0,19,10,FALSE,FALSE,FALSE,FALSE
0,WN,24,0.05,0.2,21,7,TRUE,FALSE,TRUE,FALSE,59,0,0,19,10,FALSE,FALSE,FALSE,FALSE
0,OO,24,0.05,0.2,21,7,TRUE,FALSE,TRUE,FALSE,59,0,0,19,10,FALSE,FALSE,FALSE,FALSE
0,OO,24,0.05,0.2,21,7,TRUE,FALSE,TRUE,FALSE,59,0,0,19,10,FALSE,FALSE,FALSE,FALSE
0,WN,24,0.05,0.2,21,7,TRUE,FALSE,TRUE,FALSE,59,0,0,19,10,FALSE,FALSE,FALSE,FALSE
0,WN,24,0.05,0.2,21,7,TRUE,FALSE,TRUE,FALSE,59,0,0,19,10,FALSE,FALSE,FALSE,FALSE
0,DL,24,0.05,0.2,21,7,TRUE,FALSE,TRUE,FALSE,59,0,0,19,10,FALSE,FALSE,FALSE,FALSE
0,UA,24,0.05,0.2,21,7,TRUE,FALSE,TRUE,FALSE,59,0,0,19,10,FALSE,FALSE,FALSE,FALSE
0,AA,24,0.05,0.2,21,7,TRUE,FALSE,TRUE,FALSE,59,0,0,19,10,FALSE,FALSE,FALSE,FALSE
0,DL,24,0.05,0.2,21,7,TRUE,FALSE,TRUE,FALSE,59,0,0,19,10,FALSE,FALSE,FALSE,FALSE
0,DL,24,0.05,0.2,21,7,TRUE,FALSE,TRUE,FALSE,59,0,0,19,10,FALSE,FALSE,FALSE,FALSE
0,DL,24,0.05,0.2,21,7,TRUE,FALSE,TRUE,FALSE,59,0,0,19,10,FALSE,FALSE,FALSE,FALSE
0,DL,24,0.05,0.2,21,7,TRUE,FALSE,TRUE,FALSE,59,0,0,19,10,FALSE,FALSE,FALSE,FALSE
0,DL,24,0.05,0.2,21,7,TRUE,FALSE,TRUE,FALSE,59,0,0,19,10,FALSE,FALSE,FALSE,FALSE
0,DL,24,0.05,0.2,21,7,TRUE,FALSE,TRUE,FALSE,59,0,0,19,10,FALSE,FALSE,FALSE,FALSE
0,DL,24,0.05,0.2,21,7,TRUE,FALSE,TRUE,FALSE,59,0,0,19,10,FALSE,FALSE,FALSE,FALSE
0,AA,24,0.05,0.2,21,7,TRUE,FALSE,TRUE,FALSE,59,0,0,19,10,FALSE,FALSE,FALSE,FALSE
0,DL,24,0.05,0.2,21,7,TRUE,FALSE,TRUE,FALSE,59,0,0,19,10,FALSE,FALSE,FALSE,FALSE
0,DL,24,0.05,0.2,21,7,TRUE,FALSE,TRUE,FALSE,59,0,0,19,10,FALSE,FALSE,FALSE,FALSE
0,WN,24,0.05,0.2,21,7,TRUE,FALSE,TRUE,FALSE,59,0,0,19,10,FALSE,FALSE,FALSE,FALSE
0,DL,22,0,0,19,10,FALSE,FALSE,FALSE,FALSE,60,0,0,13,9,FALSE,FALSE,FALSE,FALSE
0,OO,22,0,0,19,10,FALSE,FALSE,FALSE,FALSE,60,0,0,13,9,FALSE,FALSE,FALSE,FALSE
1,DL,22,0,0,19,10,FALSE,FALSE,FALSE,FALSE,60,0,0,13,9,FALSE,FALSE,FALSE,FALSE
0,WN,22,0,0,19,10,FALSE,FALSE,FALSE,FALSE,60,0,0,13,9,FALSE,FALSE,FALSE,FALSE
0,OO,22,0,0,19,10,FALSE,FALSE,FALSE,FALSE,60,0,0,13,9,FALSE,FALSE,FALSE,FALSE
0,WN,22,0,0,19,10,FALSE,FALSE,FALSE,FALSE,60,0,0,13,9,FALSE,FALSE,FALSE,FALSE
0,UA,22,0,0,19,10,FALSE,FALSE,FALSE,FALSE,60,0,0,13,9,FALSE,FALSE,FALSE,FALSE
0,AA,22,0,0,19,10,FALSE,FALSE,FALSE,FALSE,60,0,0,13,9,FALSE,FALSE,FALSE,FALSE
0,DL,22,0,0,19,10,FALSE,FALSE,FALSE,FALSE,60,0,0,13,9,FALSE,FALSE,FALSE,FALSE
0,DL,22,0,0,19,10,FALSE,FALSE,FALSE,FALSE,60,0,0,13,9,FALSE,FALSE,FALSE,FALSE
0,WN,22,0,0,19,10,FALSE,FALSE,FALSE,FALSE,60,0,0,13,9,FALSE,FALSE,FALSE,FALSE
0,UA,22,0,0,19,10,FALSE,FALSE,FALSE,FALSE,60,0,0,13,9,FALSE,FALSE,FALSE,FALSE
0,DL,22,0,0,19,10,FALSE,FALSE,FALSE,FALSE,60,0,0,13,9,FALSE,FALSE,FALSE,FALSE
0,AA,22,0,0,19,10,FALSE,FALSE,FALSE,FALSE,60,0,0,13,9,FALSE,FALSE,FALSE,FALSE
0,DL,22,0,0,19,10,FALSE,FALSE,FALSE,FALSE,60,0,0,13,9,FALSE,FALSE,FALSE,FALSE
0,DL,22,0,0,19,10,FALSE,FALSE,FALSE,FALSE,60,0,0,13,9,FALSE,FALSE,FALSE,FALSE
0,WN,22,0,0,19,10,FALSE,FALSE,FALSE,FALSE,60,0,0,13,9,FALSE,FALSE,FALSE,FALSE
0,AA,22,0,0,19,10,FALSE,FALSE,FALSE,FALSE,60,0,0,13,9,FALSE,FALSE,FALSE,FALSE
0,DL,22,0,0,19,10,FALSE,FALSE,FALSE,FALSE,60,0,0,13,9,FALSE,FALSE,FALSE,FALSE
0,DL,22,0,0,19,10,FALSE,FALSE,FALSE,FALSE,60,0,0,13,9,FALSE,FALSE,FALSE,FALSE
0,WN,22,0,0,19,10,FALSE,FALSE,FALSE,FALSE,60,0,0,13,9,FALSE,FALSE,FALSE,FALSE
0,DL,22,0,0,19,10,FALSE,FALSE,FALSE,FALSE,60,0,0,13,9,FALSE,FALSE,FALSE,FALSE
0,NK,22,0,0,19,10,FALSE,FALSE,FALSE,FALSE,60,0,0,13,9,FALSE,FALSE,FALSE,FALSE
0,DL,22,0,0,19,10,FALSE,FALSE,FALSE,FALSE,60,0,0,13,9,FALSE,FALSE,FALSE,FALSE
0,DL,22,0,0,19,10,FALSE,FALSE,FALSE,FALSE,60,0,0,13,9,FALSE,FALSE,FALSE,FALSE
0,WN,22,0,0,19,10,FALSE,FALSE,FALSE,FALSE,60,0,0,13,9,FALSE,FALSE,FALSE,FALSE
0,UA,22,0,0,19,10,FALSE,FALSE,FALSE,FALSE,60,0,0,13,9,FALSE,FALSE,FALSE,FALSE
0,DL,22,0,0,19,10,FALSE,FALSE,FALSE,FALSE,60,0,0,13,9,FALSE,FALSE,FALSE,FALSE
0,DL,22,0,0,19,10,FALSE,FALSE,FALSE,FALSE,60,0,0,13,9,FALSE,FALSE,FALSE,FALSE
0,DL,22,0,0,19,10,FALSE,FALSE,FALSE,FALSE,60,0,0,13,9,FALSE,FALSE,FALSE,FALSE
0,DL,22,0,0,19,10,FALSE,FALSE,FALSE,FALSE,60,0,0,13,9,FALSE,FALSE,FALSE,FALSE
0,DL,22,0,0,19,10,FALSE,FALSE,FALSE,FALSE,60,0,0,13,9,FALSE,FALSE,FALSE,FALSE
0,UA,22,0,0,19,10,FALSE,FALSE,FALSE,FALSE,60,0,0,13,9,FALSE,FALSE,FALSE,FALSE
0,DL,22,0,0,19,10,FALSE,FALSE,FALSE,FALSE,60,0,0,13,9,FALSE,FALSE,FALSE,FALSE
0,WN,28,0,0,11,10,FALSE,FALSE,FALSE,FALSE,61,0,0,11,6,FALSE,FALSE,FALSE,TRUE
0,DL,28,0,0,11,10,FALSE,FALSE,FALSE,FALSE,61,0,0,11,6,FALSE,FALSE,FALSE,TRUE
0,WN,28,0,0,11,10,FALSE,FALSE,FALSE,FALSE,61,0,0,11,6,FALSE,FALSE,FALSE,TRUE
0,OO,28,0,0,11,10,FALSE,FALSE,FALSE,FALSE,61,0,0,11,6,FALSE,FALSE,FALSE,TRUE
0,WN,28,0,0,11,10,FALSE,FALSE,FALSE,FALSE,61,0,0,11,6,FALSE,FALSE,FALSE,TRUE
0,DL,28,0,0,11,10,FALSE,FALSE,FALSE,FALSE,61,0,0,11,6,FALSE,FALSE,FALSE,TRUE
0,DL,28,0,0,11,10,FALSE,FALSE,FALSE,FALSE,61,0,0,11,6,FALSE,FALSE,FALSE,TRUE
0,DL,28,0,0,11,10,FALSE,FALSE,FALSE,FALSE,61,0,0,11,6,FALSE,FALSE,FALSE,TRUE
0,NK,28,0,0,11,10,FALSE,FALSE,FALSE,FALSE,61,0,0,11,6,FALSE,FALSE,FALSE,TRUE
0,WN,28,0,0,11,10,FALSE,FALSE,FALSE,FALSE,61,0,0,11,6,FALSE,FALSE,FALSE,TRUE
0,DL,28,0,0,11,10,FALSE,FALSE,FALSE,FALSE,61,0,0,11,6,FALSE,FALSE,FALSE,TRUE
0,AA,28,0,0,11,10,FALSE,FALSE,FALSE,FALSE,61,0,0,11,6,FALSE,FALSE,FALSE,TRUE
0,DL,28,0,0,11,10,FALSE,FALSE,FALSE,FALSE,61,0,0,11,6,FALSE,FALSE,FALSE,TRUE
0,DL,28,0,0,11,10,FALSE,FALSE,FALSE,FALSE,61,0,0,11,6,FALSE,FALSE,FALSE,TRUE
0,DL,28,0,0,11,10,FALSE,FALSE,FALSE,FALSE,61,0,0,11,6,FALSE,FALSE,FALSE,TRUE
0,UA,28,0,0,11,10,FALSE,FALSE,FALSE,FALSE,61,0,0,11,6,FALSE,FALSE,FALSE,TRUE
0,DL,28,0,0,11,10,FALSE,FALSE,FALSE,FALSE,61,0,0,11,6,FALSE,FALSE,FALSE,TRUE
0,UA,28,0,0,11,10,FALSE,FALSE,FALSE,FALSE,61,0,0,11,6,FALSE,FALSE,FALSE,TRUE
0,AA,28,0,0,11,10,FALSE,FALSE,FALSE,FALSE,61,0,0,11,6,FALSE,FALSE,FALSE,TRUE
0,DL,28,0,0,11,10,FALSE,FALSE,FALSE,FALSE,61,0,0,11,6,FALSE,FALSE,FALSE,TRUE
0,DL,28,0,0,11,10,FALSE,FALSE,FALSE,FALSE,61,0,0,11,6,FALSE,FALSE,FALSE,TRUE
0,NK,28,0,0,8,10,FALSE,FALSE,FALSE,FALSE,60,0,0,13,8,FALSE,FALSE,FALSE,FALSE
0,WN,28,0,0,8,10,FALSE,FALSE,FALSE,FALSE,60,0,0,13,8,FALSE,FALSE,FALSE,FALSE
0,WN,28,0,0,8,10,FALSE,FALSE,FALSE,FALSE,60,0,0,13,8,FALSE,FALSE,FALSE,FALSE
0,DL,28,0,0,8,10,FALSE,FALSE,FALSE,FALSE,60,0,0,13,8,FALSE,FALSE,FALSE,FALSE
0,UA,28,0,0,8,10,FALSE,FALSE,FALSE,FALSE,60,0,0,13,8,FALSE,FALSE,FALSE,FALSE
0,WN,28,0,0,8,10,FALSE,FALSE,FALSE,FALSE,60,0,0,13,8,FALSE,FALSE,FALSE,FALSE
0,AA,28,0,0,8,10,FALSE,FALSE,FALSE,FALSE,60,0,0,13,8,FALSE,FALSE,FALSE,FALSE
0,WN,28,0,0,8,10,FALSE,FALSE,FALSE,FALSE,60,0,0,13,8,FALSE,FALSE,FALSE,FALSE
0,UA,28,0,0,8,10,FALSE,FALSE,FALSE,FALSE,60,0,0,13,8,FALSE,FALSE,FALSE,FALSE
0,DL,28,0,0,8,10,FALSE,FALSE,FALSE,FALSE,60,0,0,13,8,FALSE,FALSE,FALSE,FALSE
0,AA,28,0,0,8,10,FALSE,FALSE,FALSE,FALSE,60,0,0,13,8,FALSE,FALSE,FALSE,FALSE
0,WN,28,0,0,8,10,FALSE,FALSE,FALSE,FALSE,60,0,0,13,8,FALSE,FALSE,FALSE,FALSE
0,DL,28,0,0,8,10,FALSE,FALSE,FALSE,FALSE,60,0,0,13,8,FALSE,FALSE,FALSE,FALSE
0,DL,28,0,0,8,10,FALSE,FALSE,FALSE,FALSE,60,0,0,13,8,FALSE,FALSE,FALSE,FALSE
0,WN,28,0,0,8,10,FALSE,FALSE,FALSE,FALSE,60,0,0,13,8,FALSE,FALSE,FALSE,FALSE
0,DL,28,0,0,8,10,FALSE,FALSE,FALSE,FALSE,60,0,0,13,8,FALSE,FALSE,FALSE,FALSE
0,DL,28,0,0,8,10,FALSE,FALSE,FALSE,FALSE,60,0,0,13,8,FALSE,FALSE,FALSE,FALSE
0,DL,28,0,0,8,10,FALSE,FALSE,FALSE,FALSE,60,0,0,13,8,FALSE,FALSE,FALSE,FALSE
0,DL,28,0,0,8,10,FALSE,FALSE,FALSE,FALSE,60,0,0,13,8,FALSE,FALSE,FALSE,FALSE
0,DL,28,0,0,8,10,FALSE,FALSE,FALSE,FALSE,60,0,0,13,8,FALSE,FALSE,FALSE,FALSE
0,DL,28,0,0,8,10,FALSE,FALSE,FALSE,FALSE,60,0,0,13,8,FALSE,FALSE,FALSE,FALSE
0,AA,28,0,0,8,10,FALSE,FALSE,FALSE,FALSE,60,0,0,13,8,FALSE,FALSE,FALSE,FALSE
0,DL,28,0,0,8,10,FALSE,FALSE,FALSE,FALSE,60,0,0,13,8,FALSE,FALSE,FALSE,FALSE
0,DL,28,0,0,8,10,FALSE,FALSE,FALSE,FALSE,60,0,0,13,8,FALSE,FALSE,FALSE,FALSE
0,DL,28,0,0,8,10,FALSE,FALSE,FALSE,FALSE,60,0,0,13,8,FALSE,FALSE,FALSE,FALSE
0,DL,28,0,0,8,10,FALSE,FALSE,FALSE,FALSE,60,0,0,13,8,FALSE,FALSE,FALSE,FALSE
0,AA,34,0.9,0,14,3,TRUE,FALSE,FALSE,FALSE,58,0,0,13,9,FALSE,FALSE,FALSE,FALSE
3,UA,34,0.9,0,14,3,TRUE,FALSE,FALSE,FALSE,58,0,0,13,9,FALSE,FALSE,FALSE,FALSE
4,DL,34,0.9,0,14,3,TRUE,FALSE,FALSE,FALSE,58,0,0,13,9,FALSE,FALSE,FALSE,FALSE
5,DL,34,0.9,0,14,3,TRUE,FALSE,FALSE,FALSE,58,0,0,13,9,FALSE,FALSE,FALSE,FALSE
10,WN,34,0.9,0,14,3,TRUE,FALSE,FALSE,FALSE,58,0,0,13,9,FALSE,FALSE,FALSE,FALSE
20,OO,34,0.9,0,14,3,TRUE,FALSE,FALSE,FALSE,58,0,0,13,9,FALSE,FALSE,FALSE,FALSE
0,OO,34,0.9,0,14,3,TRUE,FALSE,FALSE,FALSE,58,0,0,13,9,FALSE,FALSE,FALSE,FALSE
0,NK,34,0.9,0,14,3,TRUE,FALSE,FALSE,FALSE,58,0,0,13,9,FALSE,FALSE,FALSE,FALSE
0,DL,34,0.9,0,14,3,TRUE,FALSE,FALSE,FALSE,58,0,0,13,9,FALSE,FALSE,FALSE,FALSE
0,DL,34,0.9,0,14,3,TRUE,FALSE,FALSE,FALSE,58,0,0,13,9,FALSE,FALSE,FALSE,FALSE
0,AA,34,0.9,0,14,3,TRUE,FALSE,FALSE,FALSE,58,0,0,13,9,FALSE,FALSE,FALSE,FALSE
0,DL,34,0.9,0,14,3,TRUE,FALSE,FALSE,FALSE,58,0,0,13,9,FALSE,FALSE,FALSE,FALSE
0,DL,34,0.9,0,14,3,TRUE,FALSE,FALSE,FALSE,58,0,0,13,9,FALSE,FALSE,FALSE,FALSE
0,UA,34,0.9,0,14,3,TRUE,FALSE,FALSE,FALSE,58,0,0,13,9,FALSE,FALSE,FALSE,FALSE
0,WN,34,0.9,0,14,3,TRUE,FALSE,FALSE,FALSE,58,0,0,13,9,FALSE,FALSE,FALSE,FALSE
0,WN,34,0.9,0,14,3,TRUE,FALSE,FALSE,FALSE,58,0,0,13,9,FALSE,FALSE,FALSE,FALSE
0,DL,34,0.9,0,14,3,TRUE,FALSE,FALSE,FALSE,58,0,0,13,9,FALSE,FALSE,FALSE,FALSE
0,DL,34,0.9,0,14,3,TRUE,FALSE,FALSE,FALSE,58,0,0,13,9,FALSE,FALSE,FALSE,FALSE
0,WN,34,0.9,0,14,3,TRUE,FALSE,FALSE,FALSE,58,0,0,13,9,FALSE,FALSE,FALSE,FALSE
0,DL,34,0.9,0,14,3,TRUE,FALSE,FALSE,FALSE,58,0,0,13,9,FALSE,FALSE,FALSE,FALSE
0,DL,34,0.9,0,14,3,TRUE,FALSE,FALSE,FALSE,58,0,0,13,9,FALSE,FALSE,FALSE,FALSE
0,UA,34,0.9,0,14,3,TRUE,FALSE,FALSE,FALSE,58,0,0,13,9,FALSE,FALSE,FALSE,FALSE
0,DL,34,0.9,0,14,3,TRUE,FALSE,FALSE,FALSE,58,0,0,13,9,FALSE,FALSE,FALSE,FALSE
0,DL,34,0.9,0,14,3,TRUE,FALSE,FALSE,FALSE,58,0,0,13,9,FALSE,FALSE,FALSE,FALSE
0,AA,34,0.9,0,14,3,TRUE,FALSE,FALSE,FALSE,58,0,0,13,9,FALSE,FALSE,FALSE,FALSE
0,DL,34,0.9,0,14,3,TRUE,FALSE,FALSE,FALSE,58,0,0,13,9,FALSE,FALSE,FALSE,FALSE
0,DL,34,0.9,0,14,3,TRUE,FALSE,FALSE,FALSE,58,0,0,13,9,FALSE,FALSE,FALSE,FALSE
0,WN,34,0.9,0,14,3,TRUE,FALSE,FALSE,FALSE,58,0,0,13,9,FALSE,FALSE,FALSE,FALSE
0,DL,34,0.9,0,14,3,TRUE,FALSE,FALSE,FALSE,58,0,0,13,9,FALSE,FALSE,FALSE,FALSE
0,DL,34,0.9,0,14,3,TRUE,FALSE,FALSE,FALSE,58,0,0,13,9,FALSE,FALSE,FALSE,FALSE
0,DL,34,0.9,0,14,3,TRUE,FALSE,FALSE,FALSE,58,0,0,13,9,FALSE,FALSE,FALSE,FALSE
0,DL,34,0.9,0,14,3,TRUE,FALSE,FALSE,FALSE,58,0,0,13,9,FALSE,FALSE,FALSE,FALSE
0,WN,34,0.9,0,14,3,TRUE,FALSE,FALSE,FALSE,58,0,0,13,9,FALSE,FALSE,FALSE,FALSE
0,DL,37,0.48,0,20,5,TRUE,TRUE,FALSE,FALSE,63,0,0,24,9,FALSE,FALSE,FALSE,FALSE
0,WN,37,0.48,0,20,5,TRUE,TRUE,FALSE,FALSE,63,0,0,24,9,FALSE,FALSE,FALSE,FALSE
0,WN,37,0.48,0,20,5,TRUE,TRUE,FALSE,FALSE,63,0,0,24,9,FALSE,FALSE,FALSE,FALSE
0,AA,37,0.48,0,20,5,TRUE,TRUE,FALSE,FALSE,63,0,0,24,9,FALSE,FALSE,FALSE,FALSE
0,AA,37,0.48,0,20,5,TRUE,TRUE,FALSE,FALSE,63,0,0,24,9,FALSE,FALSE,FALSE,FALSE
0,DL,37,0.48,0,20,5,TRUE,TRUE,FALSE,FALSE,63,0,0,24,9,FALSE,FALSE,FALSE,FALSE
0,DL,37,0.48,0,20,5,TRUE,TRUE,FALSE,FALSE,63,0,0,24,9,FALSE,FALSE,FALSE,FALSE
0,UA,37,0.48,0,20,5,TRUE,TRUE,FALSE,FALSE,63,0,0,24,9,FALSE,FALSE,FALSE,FALSE
0,UA,37,0.48,0,20,5,TRUE,TRUE,FALSE,FALSE,63,0,0,24,9,FALSE,FALSE,FALSE,FALSE
0,WN,37,0.48,0,20,5,TRUE,TRUE,FALSE,FALSE,63,0,0,24,9,FALSE,FALSE,FALSE,FALSE
0,WN,37,0.48,0,20,5,TRUE,TRUE,FALSE,FALSE,63,0,0,24,9,FALSE,FALSE,FALSE,FALSE
0,UA,37,0.48,0,20,5,TRUE,TRUE,FALSE,FALSE,63,0,0,24,9,FALSE,FALSE,FALSE,FALSE
0,OO,37,0.48,0,20,5,TRUE,TRUE,FALSE,FALSE,63,0,0,24,9,FALSE,FALSE,FALSE,FALSE
0,DL,37,0.48,0,20,5,TRUE,TRUE,FALSE,FALSE,63,0,0,24,9,FALSE,FALSE,FALSE,FALSE
0,DL,37,0.48,0,20,5,TRUE,TRUE,FALSE,FALSE,63,0,0,24,9,FALSE,FALSE,FALSE,FALSE
0,WN,37,0.48,0,20,5,TRUE,TRUE,FALSE,FALSE,63,0,0,24,9,FALSE,FALSE,FALSE,FALSE
0,WN,37,0.48,0,20,5,TRUE,TRUE,FALSE,FALSE,63,0,0,24,9,FALSE,FALSE,FALSE,FALSE
0,DL,37,0.48,0,20,5,TRUE,TRUE,FALSE,FALSE,63,0,0,24,9,FALSE,FALSE,FALSE,FALSE
0,DL,37,0.48,0,20,5,TRUE,TRUE,FALSE,FALSE,63,0,0,24,9,FALSE,FALSE,FALSE,FALSE
0,NK,37,0.48,0,20,5,TRUE,TRUE,FALSE,FALSE,63,0,0,24,9,FALSE,FALSE,FALSE,FALSE
0,DL,37,0.48,0,20,5,TRUE,TRUE,FALSE,FALSE,63,0,0,24,9,FALSE,FALSE,FALSE,FALSE
0,DL,37,0.48,0,20,5,TRUE,TRUE,FALSE,FALSE,63,0,0,24,9,FALSE,FALSE,FALSE,FALSE
0,DL,37,0.48,0,20,5,TRUE,TRUE,FALSE,FALSE,63,0,0,24,9,FALSE,FALSE,FALSE,FALSE
0,DL,37,0.48,0,20,5,TRUE,TRUE,FALSE,FALSE,63,0,0,24,9,FALSE,FALSE,FALSE,FALSE
0,DL,37,0.48,0,20,5,TRUE,TRUE,FALSE,FALSE,63,0,0,24,9,FALSE,FALSE,FALSE,FALSE
0,AA,37,0.48,0,20,5,TRUE,TRUE,FALSE,FALSE,63,0,0,24,9,FALSE,FALSE,FALSE,FALSE
0,DL,37,0.48,0,20,5,TRUE,TRUE,FALSE,FALSE,63,0,0,24,9,FALSE,FALSE,FALSE,FALSE
0,DL,37,0.48,0,20,5,TRUE,TRUE,FALSE,FALSE,63,0,0,24,9,FALSE,FALSE,FALSE,FALSE
0,DL,37,0.48,0,20,5,TRUE,TRUE,FALSE,FALSE,63,0,0,24,9,FALSE,FALSE,FALSE,FALSE
0,UA,37,0.48,0,20,5,TRUE,TRUE,FALSE,FALSE,63,0,0,24,9,FALSE,FALSE,FALSE,FALSE
0,DL,37,0.48,0,20,5,TRUE,TRUE,FALSE,FALSE,63,0,0,24,9,FALSE,FALSE,FALSE,FALSE
0,DL,37,0.48,0,20,5,TRUE,TRUE,FALSE,FALSE,63,0,0,24,9,FALSE,FALSE,FALSE,FALSE
24,NK,33,0,0,22,5,TRUE,FALSE,FALSE,FALSE,62,0,0,18,10,FALSE,FALSE,FALSE,FALSE
0,AA,33,0,0,22,5,TRUE,FALSE,FALSE,FALSE,62,0,0,18,10,FALSE,FALSE,FALSE,FALSE
0,WN,33,0,0,22,5,TRUE,FALSE,FALSE,FALSE,62,0,0,18,10,FALSE,FALSE,FALSE,FALSE
0,OO,33,0,0,22,5,TRUE,FALSE,FALSE,FALSE,62,0,0,18,10,FALSE,FALSE,FALSE,FALSE
0,WN,33,0,0,22,5,TRUE,FALSE,FALSE,FALSE,62,0,0,18,10,FALSE,FALSE,FALSE,FALSE
0,WN,33,0,0,22,5,TRUE,FALSE,FALSE,FALSE,62,0,0,18,10,FALSE,FALSE,FALSE,FALSE
0,DL,33,0,0,22,5,TRUE,FALSE,FALSE,FALSE,62,0,0,18,10,FALSE,FALSE,FALSE,FALSE
0,UA,33,0,0,22,5,TRUE,FALSE,FALSE,FALSE,62,0,0,18,10,FALSE,FALSE,FALSE,FALSE
0,WN,33,0,0,22,5,TRUE,FALSE,FALSE,FALSE,62,0,0,18,10,FALSE,FALSE,FALSE,FALSE
0,AA,33,0,0,22,5,TRUE,FALSE,FALSE,FALSE,62,0,0,18,10,FALSE,FALSE,FALSE,FALSE
0,WN,33,0,0,22,5,TRUE,FALSE,FALSE,FALSE,62,0,0,18,10,FALSE,FALSE,FALSE,FALSE
0,UA,33,0,0,22,5,TRUE,FALSE,FALSE,FALSE,62,0,0,18,10,FALSE,FALSE,FALSE,FALSE
0,AA,33,0,0,22,5,TRUE,FALSE,FALSE,FALSE,62,0,0,18,10,FALSE,FALSE,FALSE,FALSE
0,DL,33,0,0,22,5,TRUE,FALSE,FALSE,FALSE,62,0,0,18,10,FALSE,FALSE,FALSE,FALSE
0,DL,33,0,0,22,5,TRUE,FALSE,FALSE,FALSE,62,0,0,18,10,FALSE,FALSE,FALSE,FALSE
0,DL,33,0,0,22,5,TRUE,FALSE,FALSE,FALSE,62,0,0,18,10,FALSE,FALSE,FALSE,FALSE
0,UA,33,0,0,22,5,TRUE,FALSE,FALSE,FALSE,62,0,0,18,10,FALSE,FALSE,FALSE,FALSE
0,DL,33,0,0,22,5,TRUE,FALSE,FALSE,FALSE,62,0,0,18,10,FALSE,FALSE,FALSE,FALSE
0,WN,33,0,0,22,5,TRUE,FALSE,FALSE,FALSE,62,0,0,18,10,FALSE,FALSE,FALSE,FALSE
0,DL,33,0,0,22,5,TRUE,FALSE,FALSE,FALSE,62,0,0,18,10,FALSE,FALSE,FALSE,FALSE
0,UA,33,0,0,22,5,TRUE,FALSE,FALSE,FALSE,62,0,0,18,10,FALSE,FALSE,FALSE,FALSE
0,DL,33,0,0,22,5,TRUE,FALSE,FALSE,FALSE,62,0,0,18,10,FALSE,FALSE,FALSE,FALSE
0,DL,33,0,0,22,5,TRUE,FALSE,FALSE,FALSE,62,0,0,18,10,FALSE,FALSE,FALSE,FALSE
0,DL,33,0,0,22,5,TRUE,FALSE,FALSE,FALSE,62,0,0,18,10,FALSE,FALSE,FALSE,FALSE
0,DL,33,0,0,22,5,TRUE,FALSE,FALSE,FALSE,62,0,0,18,10,FALSE,FALSE,FALSE,FALSE
0,DL,33,0,0,22,5,TRUE,FALSE,FALSE,FALSE,62,0,0,18,10,FALSE,FALSE,FALSE,FALSE
0,DL,33,0,0,22,5,TRUE,FALSE,FALSE,FALSE,62,0,0,18,10,FALSE,FALSE,FALSE,FALSE
0,DL,33,0,0,22,5,TRUE,FALSE,FALSE,FALSE,62,0,0,18,10,FALSE,FALSE,FALSE,FALSE
0,DL,33,0,0,22,5,TRUE,FALSE,FALSE,FALSE,62,0,0,18,10,FALSE,FALSE,FALSE,FALSE
0,DL,33,0,0,22,5,TRUE,FALSE,FALSE,FALSE,62,0,0,18,10,FALSE,FALSE,FALSE,FALSE
0,DL,33,0,0,22,5,TRUE,FALSE,FALSE,FALSE,62,0,0,18,10,FALSE,FALSE,FALSE,FALSE
0,DL,33,0,0,22,5,TRUE,FALSE,FALSE,FALSE,62,0,0,18,10,FALSE,FALSE,FALSE,FALSE
0,AA,36,0.46,0,24,3,TRUE,FALSE,FALSE,FALSE,62,0.42,0,18,9,TRUE,FALSE,FALSE,FALSE
0,WN,36,0.46,0,24,3,TRUE,FALSE,FALSE,FALSE,62,0.42,0,18,9,TRUE,FALSE,FALSE,FALSE
0,WN,36,0.46,0,24,3,TRUE,FALSE,FALSE,FALSE,62,0.42,0,18,9,TRUE,FALSE,FALSE,FALSE
5,UA,36,0.46,0,24,3,TRUE,FALSE,FALSE,FALSE,62,0.42,0,18,9,TRUE,FALSE,FALSE,FALSE
10,AA,36,0.46,0,24,3,TRUE,FALSE,FALSE,FALSE,62,0.42,0,18,9,TRUE,FALSE,FALSE,FALSE
26,AA,36,0.46,0,24,3,TRUE,FALSE,FALSE,FALSE,62,0.42,0,18,9,TRUE,FALSE,FALSE,FALSE
0,WN,36,0.46,0,24,3,TRUE,FALSE,FALSE,FALSE,62,0.42,0,18,9,TRUE,FALSE,FALSE,FALSE
0,DL,36,0.46,0,24,3,TRUE,FALSE,FALSE,FALSE,62,0.42,0,18,9,TRUE,FALSE,FALSE,FALSE
0,WN,36,0.46,0,24,3,TRUE,FALSE,FALSE,FALSE,62,0.42,0,18,9,TRUE,FALSE,FALSE,FALSE
0,DL,36,0.46,0,24,3,TRUE,FALSE,FALSE,FALSE,62,0.42,0,18,9,TRUE,FALSE,FALSE,FALSE
0,UA,36,0.46,0,24,3,TRUE,FALSE,FALSE,FALSE,62,0.42,0,18,9,TRUE,FALSE,FALSE,FALSE
0,DL,36,0.46,0,24,3,TRUE,FALSE,FALSE,FALSE,62,0.42,0,18,9,TRUE,FALSE,FALSE,FALSE
0,OO,36,0.46,0,24,3,TRUE,FALSE,FALSE,FALSE,62,0.42,0,18,9,TRUE,FALSE,FALSE,FALSE
0,WN,36,0.46,0,24,3,TRUE,FALSE,FALSE,FALSE,62,0.42,0,18,9,TRUE,FALSE,FALSE,FALSE
0,OO,36,0.46,0,24,3,TRUE,FALSE,FALSE,FALSE,62,0.42,0,18,9,TRUE,FALSE,FALSE,FALSE
0,UA,36,0.46,0,24,3,TRUE,FALSE,FALSE,FALSE,62,0.42,0,18,9,TRUE,FALSE,FALSE,FALSE
0,DL,36,0.46,0,24,3,TRUE,FALSE,FALSE,FALSE,62,0.42,0,18,9,TRUE,FALSE,FALSE,FALSE
0,DL,36,0.46,0,24,3,TRUE,FALSE,FALSE,FALSE,62,0.42,0,18,9,TRUE,FALSE,FALSE,FALSE
0,DL,36,0.46,0,24,3,TRUE,FALSE,FALSE,FALSE,62,0.42,0,18,9,TRUE,FALSE,FALSE,FALSE
0,UA,36,0.46,0,24,3,TRUE,FALSE,FALSE,FALSE,62,0.42,0,18,9,TRUE,FALSE,FALSE,FALSE
0,DL,36,0.46,0,24,3,TRUE,FALSE,FALSE,FALSE,62,0.42,0,18,9,TRUE,FALSE,FALSE,FALSE
0,DL,36,0.46,0,24,3,TRUE,FALSE,FALSE,FALSE,62,0.42,0,18,9,TRUE,FALSE,FALSE,FALSE
0,DL,36,0.46,0,24,3,TRUE,FALSE,FALSE,FALSE,62,0.42,0,18,9,TRUE,FALSE,FALSE,FALSE
0,DL,36,0.46,0,24,3,TRUE,FALSE,FALSE,FALSE,62,0.42,0,18,9,TRUE,FALSE,FALSE,FALSE
0,DL,36,0.46,0,24,3,TRUE,FALSE,FALSE,FALSE,62,0.42,0,18,9,TRUE,FALSE,FALSE,FALSE
0,NK,36,0.46,0,24,3,TRUE,FALSE,FALSE,FALSE,62,0.42,0,18,9,TRUE,FALSE,FALSE,FALSE
0,DL,36,0.46,0,24,3,TRUE,FALSE,FALSE,FALSE,62,0.42,0,18,9,TRUE,FALSE,FALSE,FALSE
0,DL,36,0.46,0,24,3,TRUE,FALSE,FALSE,FALSE,62,0.42,0,18,9,TRUE,FALSE,FALSE,FALSE
0,DL,36,0.46,0,24,3,TRUE,FALSE,FALSE,FALSE,62,0.42,0,18,9,TRUE,FALSE,FALSE,FALSE
0,DL,36,0.46,0,24,3,TRUE,FALSE,FALSE,FALSE,62,0.42,0,18,9,TRUE,FALSE,FALSE,FALSE
0,DL,36,0.46,0,24,3,TRUE,FALSE,FALSE,FALSE,62,0.42,0,18,9,TRUE,FALSE,FALSE,FALSE
0,WN,36,0.46,0,24,3,TRUE,FALSE,FALSE,FALSE,62,0.42,0,18,9,TRUE,FALSE,FALSE,FALSE
0,DL,36,0.46,0,24,3,TRUE,FALSE,FALSE,FALSE,62,0.42,0,18,9,TRUE,FALSE,FALSE,FALSE
0,DL,36,0.46,0,24,3,TRUE,FALSE,FALSE,FALSE,62,0.42,0,18,9,TRUE,FALSE,FALSE,FALSE
0,UA,41,0.18,0,17,2,TRUE,FALSE,FALSE,TRUE,64,0.08,0,24,9,TRUE,FALSE,FALSE,FALSE
1,NK,41,0.18,0,17,2,TRUE,FALSE,FALSE,TRUE,64,0.08,0,24,9,TRUE,FALSE,FALSE,FALSE
0,WN,41,0.18,0,17,2,TRUE,FALSE,FALSE,TRUE,64,0.08,0,24,9,TRUE,FALSE,FALSE,FALSE
0,DL,41,0.18,0,17,2,TRUE,FALSE,FALSE,TRUE,64,0.08,0,24,9,TRUE,FALSE,FALSE,FALSE
0,OO,41,0.18,0,17,2,TRUE,FALSE,FALSE,TRUE,64,0.08,0,24,9,TRUE,FALSE,FALSE,FALSE
0,UA,41,0.18,0,17,2,TRUE,FALSE,FALSE,TRUE,64,0.08,0,24,9,TRUE,FALSE,FALSE,FALSE
0,AA,41,0.18,0,17,2,TRUE,FALSE,FALSE,TRUE,64,0.08,0,24,9,TRUE,FALSE,FALSE,FALSE
0,DL,41,0.18,0,17,2,TRUE,FALSE,FALSE,TRUE,64,0.08,0,24,9,TRUE,FALSE,FALSE,FALSE
0,DL,41,0.18,0,17,2,TRUE,FALSE,FALSE,TRUE,64,0.08,0,24,9,TRUE,FALSE,FALSE,FALSE
0,WN,41,0.18,0,17,2,TRUE,FALSE,FALSE,TRUE,64,0.08,0,24,9,TRUE,FALSE,FALSE,FALSE
0,WN,41,0.18,0,17,2,TRUE,FALSE,FALSE,TRUE,64,0.08,0,24,9,TRUE,FALSE,FALSE,FALSE
0,AA,41,0.18,0,17,2,TRUE,FALSE,FALSE,TRUE,64,0.08,0,24,9,TRUE,FALSE,FALSE,FALSE
0,DL,41,0.18,0,17,2,TRUE,FALSE,FALSE,TRUE,64,0.08,0,24,9,TRUE,FALSE,FALSE,FALSE
0,OO,41,0.18,0,17,2,TRUE,FALSE,FALSE,TRUE,64,0.08,0,24,9,TRUE,FALSE,FALSE,FALSE
0,WN,41,0.18,0,17,2,TRUE,FALSE,FALSE,TRUE,64,0.08,0,24,9,TRUE,FALSE,FALSE,FALSE
0,DL,41,0.18,0,17,2,TRUE,FALSE,FALSE,TRUE,64,0.08,0,24,9,TRUE,FALSE,FALSE,FALSE
0,DL,41,0.18,0,17,2,TRUE,FALSE,FALSE,TRUE,64,0.08,0,24,9,TRUE,FALSE,FALSE,FALSE
0,WN,41,0.18,0,17,2,TRUE,FALSE,FALSE,TRUE,64,0.08,0,24,9,TRUE,FALSE,FALSE,FALSE
0,UA,41,0.18,0,17,2,TRUE,FALSE,FALSE,TRUE,64,0.08,0,24,9,TRUE,FALSE,FALSE,FALSE
0,DL,41,0.18,0,17,2,TRUE,FALSE,FALSE,TRUE,64,0.08,0,24,9,TRUE,FALSE,FALSE,FALSE
0,DL,41,0.18,0,17,2,TRUE,FALSE,FALSE,TRUE,64,0.08,0,24,9,TRUE,FALSE,FALSE,FALSE
0,DL,41,0.18,0,17,2,TRUE,FALSE,FALSE,TRUE,64,0.08,0,24,9,TRUE,FALSE,FALSE,FALSE
0,DL,41,0.18,0,17,2,TRUE,FALSE,FALSE,TRUE,64,0.08,0,24,9,TRUE,FALSE,FALSE,FALSE
0,AA,41,0.18,0,17,2,TRUE,FALSE,FALSE,TRUE,64,0.08,0,24,9,TRUE,FALSE,FALSE,FALSE
0,UA,41,0.18,0,17,2,TRUE,FALSE,FALSE,TRUE,64,0.08,0,24,9,TRUE,FALSE,FALSE,FALSE
0,DL,41,0.18,0,17,2,TRUE,FALSE,FALSE,TRUE,64,0.08,0,24,9,TRUE,FALSE,FALSE,FALSE
0,DL,41,0.18,0,17,2,TRUE,FALSE,FALSE,TRUE,64,0.08,0,24,9,TRUE,FALSE,FALSE,FALSE
0,WN,41,0.18,0,17,2,TRUE,FALSE,FALSE,TRUE,64,0.08,0,24,9,TRUE,FALSE,FALSE,FALSE
0,DL,41,0.18,0,17,2,TRUE,FALSE,FALSE,TRUE,64,0.08,0,24,9,TRUE,FALSE,FALSE,FALSE
0,DL,41,0.18,0,17,2,TRUE,FALSE,FALSE,TRUE,64,0.08,0,24,9,TRUE,FALSE,FALSE,FALSE
0,DL,41,0.18,0,17,2,TRUE,FALSE,FALSE,TRUE,64,0.08,0,24,9,TRUE,FALSE,FALSE,FALSE
0,DL,41,0.18,0,17,2,TRUE,FALSE,FALSE,TRUE,64,0.08,0,24,9,TRUE,FALSE,FALSE,FALSE
0,DL,41,0.18,0,17,2,TRUE,FALSE,FALSE,TRUE,64,0.08,0,24,9,TRUE,FALSE,FALSE,FALSE
0,DL,41,0.18,0,17,2,TRUE,FALSE,FALSE,TRUE,64,0.08,0,24,9,TRUE,FALSE,FALSE,FALSE
0,DL,50,0,0,27,5,FALSE,FALSE,FALSE,TRUE,59,1.64,0,34,5,TRUE,TRUE,FALSE,TRUE
0,DL,50,0,0,27,5,FALSE,FALSE,FALSE,TRUE,59,1.64,0,34,5,TRUE,TRUE,FALSE,TRUE
0,DL,50,0,0,27,5,FALSE,FALSE,FALSE,TRUE,59,1.64,0,34,5,TRUE,TRUE,FALSE,TRUE
15,NK,50,0,0,27,5,FALSE,FALSE,FALSE,TRUE,59,1.64,0,34,5,TRUE,TRUE,FALSE,TRUE
17,DL,50,0,0,27,5,FALSE,FALSE,FALSE,TRUE,59,1.64,0,34,5,TRUE,TRUE,FALSE,TRUE
25,DL,50,0,0,27,5,FALSE,FALSE,FALSE,TRUE,59,1.64,0,34,5,TRUE,TRUE,FALSE,TRUE
26,AA,50,0,0,27,5,FALSE,FALSE,FALSE,TRUE,59,1.64,0,34,5,TRUE,TRUE,FALSE,TRUE
28,WN,50,0,0,27,5,FALSE,FALSE,FALSE,TRUE,59,1.64,0,34,5,TRUE,TRUE,FALSE,TRUE
43,OO,50,0,0,27,5,FALSE,FALSE,FALSE,TRUE,59,1.64,0,34,5,TRUE,TRUE,FALSE,TRUE
48,DL,50,0,0,27,5,FALSE,FALSE,FALSE,TRUE,59,1.64,0,34,5,TRUE,TRUE,FALSE,TRUE
50,DL,50,0,0,27,5,FALSE,FALSE,FALSE,TRUE,59,1.64,0,34,5,TRUE,TRUE,FALSE,TRUE
54,DL,50,0,0,27,5,FALSE,FALSE,FALSE,TRUE,59,1.64,0,34,5,TRUE,TRUE,FALSE,TRUE
62,DL,50,0,0,27,5,FALSE,FALSE,FALSE,TRUE,59,1.64,0,34,5,TRUE,TRUE,FALSE,TRUE
68,DL,50,0,0,27,5,FALSE,FALSE,FALSE,TRUE,59,1.64,0,34,5,TRUE,TRUE,FALSE,TRUE
0,WN,50,0,0,27,5,FALSE,FALSE,FALSE,TRUE,59,1.64,0,34,5,TRUE,TRUE,FALSE,TRUE
0,DL,50,0,0,27,5,FALSE,FALSE,FALSE,TRUE,59,1.64,0,34,5,TRUE,TRUE,FALSE,TRUE
0,UA,50,0,0,27,5,FALSE,FALSE,FALSE,TRUE,59,1.64,0,34,5,TRUE,TRUE,FALSE,TRUE
0,WN,50,0,0,27,5,FALSE,FALSE,FALSE,TRUE,59,1.64,0,34,5,TRUE,TRUE,FALSE,TRUE
0,AA,50,0,0,27,5,FALSE,FALSE,FALSE,TRUE,59,1.64,0,34,5,TRUE,TRUE,FALSE,TRUE
0,UA,50,0,0,27,5,FALSE,FALSE,FALSE,TRUE,59,1.64,0,34,5,TRUE,TRUE,FALSE,TRUE
0,DL,50,0,0,27,5,FALSE,FALSE,FALSE,TRUE,59,1.64,0,34,5,TRUE,TRUE,FALSE,TRUE
0,WN,50,0,0,27,5,FALSE,FALSE,FALSE,TRUE,59,1.64,0,34,5,TRUE,TRUE,FALSE,TRUE
0,DL,42,0.01,0,18,6,TRUE,FALSE,FALSE,TRUE,57,0.78,0,38,8,TRUE,TRUE,FALSE,FALSE
0,WN,42,0.01,0,18,6,TRUE,FALSE,FALSE,TRUE,57,0.78,0,38,8,TRUE,TRUE,FALSE,FALSE
3,DL,42,0.01,0,18,6,TRUE,FALSE,FALSE,TRUE,57,0.78,0,38,8,TRUE,TRUE,FALSE,FALSE
16,UA,42,0.01,0,18,6,TRUE,FALSE,FALSE,TRUE,57,0.78,0,38,8,TRUE,TRUE,FALSE,FALSE
16,WN,42,0.01,0,18,6,TRUE,FALSE,FALSE,TRUE,57,0.78,0,38,8,TRUE,TRUE,FALSE,FALSE
17,UA,42,0.01,0,18,6,TRUE,FALSE,FALSE,TRUE,57,0.78,0,38,8,TRUE,TRUE,FALSE,FALSE
18,NK,42,0.01,0,18,6,TRUE,FALSE,FALSE,TRUE,57,0.78,0,38,8,TRUE,TRUE,FALSE,FALSE
19,WN,42,0.01,0,18,6,TRUE,FALSE,FALSE,TRUE,57,0.78,0,38,8,TRUE,TRUE,FALSE,FALSE
19,DL,42,0.01,0,18,6,TRUE,FALSE,FALSE,TRUE,57,0.78,0,38,8,TRUE,TRUE,FALSE,FALSE
22,DL,42,0.01,0,18,6,TRUE,FALSE,FALSE,TRUE,57,0.78,0,38,8,TRUE,TRUE,FALSE,FALSE
25,DL,42,0.01,0,18,6,TRUE,FALSE,FALSE,TRUE,57,0.78,0,38,8,TRUE,TRUE,FALSE,FALSE
29,DL,42,0.01,0,18,6,TRUE,FALSE,FALSE,TRUE,57,0.78,0,38,8,TRUE,TRUE,FALSE,FALSE
51,AA,42,0.01,0,18,6,TRUE,FALSE,FALSE,TRUE,57,0.78,0,38,8,TRUE,TRUE,FALSE,FALSE
60,DL,42,0.01,0,18,6,TRUE,FALSE,FALSE,TRUE,57,0.78,0,38,8,TRUE,TRUE,FALSE,FALSE
80,WN,42,0.01,0,18,6,TRUE,FALSE,FALSE,TRUE,57,0.78,0,38,8,TRUE,TRUE,FALSE,FALSE
96,AA,42,0.01,0,18,6,TRUE,FALSE,FALSE,TRUE,57,0.78,0,38,8,TRUE,TRUE,FALSE,FALSE
130,DL,42,0.01,0,18,6,TRUE,FALSE,FALSE,TRUE,57,0.78,0,38,8,TRUE,TRUE,FALSE,FALSE
0,OO,42,0.01,0,18,6,TRUE,FALSE,FALSE,TRUE,57,0.78,0,38,8,TRUE,TRUE,FALSE,FALSE
0,WN,42,0.01,0,18,6,TRUE,FALSE,FALSE,TRUE,57,0.78,0,38,8,TRUE,TRUE,FALSE,FALSE
0,AA,42,0.01,0,18,6,TRUE,FALSE,FALSE,TRUE,57,0.78,0,38,8,TRUE,TRUE,FALSE,FALSE
0,OO,42,0.01,0,18,6,TRUE,FALSE,FALSE,TRUE,57,0.78,0,38,8,TRUE,TRUE,FALSE,FALSE
0,DL,42,0.01,0,18,6,TRUE,FALSE,FALSE,TRUE,57,0.78,0,38,8,TRUE,TRUE,FALSE,FALSE
0,DL,42,0.01,0,18,6,TRUE,FALSE,FALSE,TRUE,57,0.78,0,38,8,TRUE,TRUE,FALSE,FALSE
0,DL,42,0.01,0,18,6,TRUE,FALSE,FALSE,TRUE,57,0.78,0,38,8,TRUE,TRUE,FALSE,FALSE
0,DL,42,0.01,0,18,6,TRUE,FALSE,FALSE,TRUE,57,0.78,0,38,8,TRUE,TRUE,FALSE,FALSE
0,DL,42,0.01,0,18,6,TRUE,FALSE,FALSE,TRUE,57,0.78,0,38,8,TRUE,TRUE,FALSE,FALSE
0,DL,42,0.01,0,18,6,TRUE,FALSE,FALSE,TRUE,57,0.78,0,38,8,TRUE,TRUE,FALSE,FALSE
0,DL,42,0.01,0,18,6,TRUE,FALSE,FALSE,TRUE,57,0.78,0,38,8,TRUE,TRUE,FALSE,FALSE
0,WN,42,0.01,0,18,6,TRUE,FALSE,FALSE,TRUE,57,0.78,0,38,8,TRUE,TRUE,FALSE,FALSE
0,DL,39,0,0,21,8,FALSE,FALSE,FALSE,FALSE,52,0.31,0,32,8,TRUE,FALSE,FALSE,FALSE
0,DL,39,0,0,21,8,FALSE,FALSE,FALSE,FALSE,52,0.31,0,32,8,TRUE,FALSE,FALSE,FALSE
0,DL,39,0,0,21,8,FALSE,FALSE,FALSE,FALSE,52,0.31,0,32,8,TRUE,FALSE,FALSE,FALSE
0,DL,39,0,0,21,8,FALSE,FALSE,FALSE,FALSE,52,0.31,0,32,8,TRUE,FALSE,FALSE,FALSE
0,DL,39,0,0,21,8,FALSE,FALSE,FALSE,FALSE,52,0.31,0,32,8,TRUE,FALSE,FALSE,FALSE
0,OO,39,0,0,21,8,FALSE,FALSE,FALSE,FALSE,52,0.31,0,32,8,TRUE,FALSE,FALSE,FALSE
0,WN,39,0,0,21,8,FALSE,FALSE,FALSE,FALSE,52,0.31,0,32,8,TRUE,FALSE,FALSE,FALSE
0,DL,39,0,0,21,8,FALSE,FALSE,FALSE,FALSE,52,0.31,0,32,8,TRUE,FALSE,FALSE,FALSE
0,AA,39,0,0,21,8,FALSE,FALSE,FALSE,FALSE,52,0.31,0,32,8,TRUE,FALSE,FALSE,FALSE
0,WN,39,0,0,21,8,FALSE,FALSE,FALSE,FALSE,52,0.31,0,32,8,TRUE,FALSE,FALSE,FALSE
0,DL,39,0,0,21,8,FALSE,FALSE,FALSE,FALSE,52,0.31,0,32,8,TRUE,FALSE,FALSE,FALSE
0,UA,39,0,0,21,8,FALSE,FALSE,FALSE,FALSE,52,0.31,0,32,8,TRUE,FALSE,FALSE,FALSE
0,UA,39,0,0,21,8,FALSE,FALSE,FALSE,FALSE,52,0.31,0,32,8,TRUE,FALSE,FALSE,FALSE
0,DL,39,0,0,21,8,FALSE,FALSE,FALSE,FALSE,52,0.31,0,32,8,TRUE,FALSE,FALSE,FALSE
0,WN,39,0,0,21,8,FALSE,FALSE,FALSE,FALSE,52,0.31,0,32,8,TRUE,FALSE,FALSE,FALSE
0,DL,39,0,0,21,8,FALSE,FALSE,FALSE,FALSE,52,0.31,0,32,8,TRUE,FALSE,FALSE,FALSE
0,AA,39,0,0,21,8,FALSE,FALSE,FALSE,FALSE,52,0.31,0,32,8,TRUE,FALSE,FALSE,FALSE
0,WN,39,0,0,21,8,FALSE,FALSE,FALSE,FALSE,52,0.31,0,32,8,TRUE,FALSE,FALSE,FALSE
0,UA,39,0,0,21,8,FALSE,FALSE,FALSE,FALSE,52,0.31,0,32,8,TRUE,FALSE,FALSE,FALSE
0,DL,39,0,0,21,8,FALSE,FALSE,FALSE,FALSE,52,0.31,0,32,8,TRUE,FALSE,FALSE,FALSE
0,DL,39,0,0,21,8,FALSE,FALSE,FALSE,FALSE,52,0.31,0,32,8,TRUE,FALSE,FALSE,FALSE
0,DL,39,0,0,21,8,FALSE,FALSE,FALSE,FALSE,52,0.31,0,32,8,TRUE,FALSE,FALSE,FALSE
0,WN,39,0,0,21,8,FALSE,FALSE,FALSE,FALSE,52,0.31,0,32,8,TRUE,FALSE,FALSE,FALSE
0,DL,39,0,0,21,8,FALSE,FALSE,FALSE,FALSE,52,0.31,0,32,8,TRUE,FALSE,FALSE,FALSE
0,DL,39,0,0,21,8,FALSE,FALSE,FALSE,FALSE,52,0.31,0,32,8,TRUE,FALSE,FALSE,FALSE
0,NK,39,0,0,21,8,FALSE,FALSE,FALSE,FALSE,52,0.31,0,32,8,TRUE,FALSE,FALSE,FALSE
0,DL,39,0,0,21,8,FALSE,FALSE,FALSE,FALSE,52,0.31,0,32,8,TRUE,FALSE,FALSE,FALSE
0,OO,39,0,0,21,8,FALSE,FALSE,FALSE,FALSE,52,0.31,0,32,8,TRUE,FALSE,FALSE,FALSE
0,UA,39,0,0,21,8,FALSE,FALSE,FALSE,FALSE,52,0.31,0,32,8,TRUE,FALSE,FALSE,FALSE
0,AA,39,0,0,21,8,FALSE,FALSE,FALSE,FALSE,52,0.31,0,32,8,TRUE,FALSE,FALSE,FALSE
0,DL,39,0,0,21,8,FALSE,FALSE,FALSE,FALSE,52,0.31,0,32,8,TRUE,FALSE,FALSE,FALSE
0,DL,39,0,0,21,8,FALSE,FALSE,FALSE,FALSE,52,0.31,0,32,8,TRUE,FALSE,FALSE,FALSE
0,DL,39,0,0,21,8,FALSE,FALSE,FALSE,FALSE,52,0.31,0,32,8,TRUE,FALSE,FALSE,FALSE
0,WN,39,0,0,21,8,FALSE,FALSE,FALSE,FALSE,52,0.31,0,32,8,TRUE,FALSE,FALSE,FALSE
21,AA,36,0,0,18,9,FALSE,FALSE,FALSE,FALSE,51,0,0,24,10,FALSE,FALSE,FALSE,FALSE
0,DL,36,0,0,18,9,FALSE,FALSE,FALSE,FALSE,51,0,0,24,10,FALSE,FALSE,FALSE,FALSE
0,OO,36,0,0,18,9,FALSE,FALSE,FALSE,FALSE,51,0,0,24,10,FALSE,FALSE,FALSE,FALSE
0,WN,36,0,0,18,9,FALSE,FALSE,FALSE,FALSE,51,0,0,24,10,FALSE,FALSE,FALSE,FALSE
0,WN,36,0,0,18,9,FALSE,FALSE,FALSE,FALSE,51,0,0,24,10,FALSE,FALSE,FALSE,FALSE
0,DL,36,0,0,18,9,FALSE,FALSE,FALSE,FALSE,51,0,0,24,10,FALSE,FALSE,FALSE,FALSE
0,WN,36,0,0,18,9,FALSE,FALSE,FALSE,FALSE,51,0,0,24,10,FALSE,FALSE,FALSE,FALSE
0,DL,36,0,0,18,9,FALSE,FALSE,FALSE,FALSE,51,0,0,24,10,FALSE,FALSE,FALSE,FALSE
0,DL,36,0,0,18,9,FALSE,FALSE,FALSE,FALSE,51,0,0,24,10,FALSE,FALSE,FALSE,FALSE
0,UA,36,0,0,18,9,FALSE,FALSE,FALSE,FALSE,51,0,0,24,10,FALSE,FALSE,FALSE,FALSE
0,DL,36,0,0,18,9,FALSE,FALSE,FALSE,FALSE,51,0,0,24,10,FALSE,FALSE,FALSE,FALSE
0,UA,36,0,0,18,9,FALSE,FALSE,FALSE,FALSE,51,0,0,24,10,FALSE,FALSE,FALSE,FALSE
0,WN,36,0,0,18,9,FALSE,FALSE,FALSE,FALSE,51,0,0,24,10,FALSE,FALSE,FALSE,FALSE
0,AA,36,0,0,18,9,FALSE,FALSE,FALSE,FALSE,51,0,0,24,10,FALSE,FALSE,FALSE,FALSE
0,NK,36,0,0,18,9,FALSE,FALSE,FALSE,FALSE,51,0,0,24,10,FALSE,FALSE,FALSE,FALSE
0,DL,36,0,0,18,9,FALSE,FALSE,FALSE,FALSE,51,0,0,24,10,FALSE,FALSE,FALSE,FALSE
0,DL,36,0,0,18,9,FALSE,FALSE,FALSE,FALSE,51,0,0,24,10,FALSE,FALSE,FALSE,FALSE
0,UA,36,0,0,18,9,FALSE,FALSE,FALSE,FALSE,51,0,0,24,10,FALSE,FALSE,FALSE,FALSE
0,WN,36,0,0,18,9,FALSE,FALSE,FALSE,FALSE,51,0,0,24,10,FALSE,FALSE,FALSE,FALSE
0,DL,36,0,0,18,9,FALSE,FALSE,FALSE,FALSE,51,0,0,24,10,FALSE,FALSE,FALSE,FALSE
0,WN,36,0,0,18,9,FALSE,FALSE,FALSE,FALSE,51,0,0,24,10,FALSE,FALSE,FALSE,FALSE
0,AA,36,0,0,18,9,FALSE,FALSE,FALSE,FALSE,51,0,0,24,10,FALSE,FALSE,FALSE,FALSE
0,UA,36,0,0,18,9,FALSE,FALSE,FALSE,FALSE,51,0,0,24,10,FALSE,FALSE,FALSE,FALSE
0,DL,36,0,0,18,9,FALSE,FALSE,FALSE,FALSE,51,0,0,24,10,FALSE,FALSE,FALSE,FALSE
0,DL,36,0,0,18,9,FALSE,FALSE,FALSE,FALSE,51,0,0,24,10,FALSE,FALSE,FALSE,FALSE
0,DL,36,0,0,18,9,FALSE,FALSE,FALSE,FALSE,51,0,0,24,10,FALSE,FALSE,FALSE,FALSE
0,DL,36,0,0,18,9,FALSE,FALSE,FALSE,FALSE,51,0,0,24,10,FALSE,FALSE,FALSE,FALSE
0,DL,36,0,0,18,9,FALSE,FALSE,FALSE,FALSE,51,0,0,24,10,FALSE,FALSE,FALSE,FALSE
0,DL,36,0,0,18,9,FALSE,FALSE,FALSE,FALSE,51,0,0,24,10,FALSE,FALSE,FALSE,FALSE
0,DL,36,0,0,18,9,FALSE,FALSE,FALSE,FALSE,51,0,0,24,10,FALSE,FALSE,FALSE,FALSE
0,DL,36,0,0,18,9,FALSE,FALSE,FALSE,FALSE,51,0,0,24,10,FALSE,FALSE,FALSE,FALSE
0,DL,36,0,0,18,9,FALSE,FALSE,FALSE,FALSE,51,0,0,24,10,FALSE,FALSE,FALSE,FALSE
0,DL,38,0.09,0,27,5,TRUE,FALSE,FALSE,FALSE,53,0,0,22,10,FALSE,FALSE,FALSE,FALSE
4,DL,38,0.09,0,27,5,TRUE,FALSE,FALSE,FALSE,53,0,0,22,10,FALSE,FALSE,FALSE,FALSE
0,WN,38,0.09,0,27,5,TRUE,FALSE,FALSE,FALSE,53,0,0,22,10,FALSE,FALSE,FALSE,FALSE
0,AA,38,0.09,0,27,5,TRUE,FALSE,FALSE,FALSE,53,0,0,22,10,FALSE,FALSE,FALSE,FALSE
0,UA,38,0.09,0,27,5,TRUE,FALSE,FALSE,FALSE,53,0,0,22,10,FALSE,FALSE,FALSE,FALSE
0,UA,38,0.09,0,27,5,TRUE,FALSE,FALSE,FALSE,53,0,0,22,10,FALSE,FALSE,FALSE,FALSE
0,DL,38,0.09,0,27,5,TRUE,FALSE,FALSE,FALSE,53,0,0,22,10,FALSE,FALSE,FALSE,FALSE
0,DL,38,0.09,0,27,5,TRUE,FALSE,FALSE,FALSE,53,0,0,22,10,FALSE,FALSE,FALSE,FALSE
0,DL,38,0.09,0,27,5,TRUE,FALSE,FALSE,FALSE,53,0,0,22,10,FALSE,FALSE,FALSE,FALSE
0,WN,38,0.09,0,27,5,TRUE,FALSE,FALSE,FALSE,53,0,0,22,10,FALSE,FALSE,FALSE,FALSE
0,WN,38,0.09,0,27,5,TRUE,FALSE,FALSE,FALSE,53,0,0,22,10,FALSE,FALSE,FALSE,FALSE
0,WN,38,0.09,0,27,5,TRUE,FALSE,FALSE,FALSE,53,0,0,22,10,FALSE,FALSE,FALSE,FALSE
0,NK,38,0.09,0,27,5,TRUE,FALSE,FALSE,FALSE,53,0,0,22,10,FALSE,FALSE,FALSE,FALSE
0,OO,38,0.09,0,27,5,TRUE,FALSE,FALSE,FALSE,53,0,0,22,10,FALSE,FALSE,FALSE,FALSE
0,AA,38,0.09,0,27,5,TRUE,FALSE,FALSE,FALSE,53,0,0,22,10,FALSE,FALSE,FALSE,FALSE
0,DL,38,0.09,0,27,5,TRUE,FALSE,FALSE,FALSE,53,0,0,22,10,FALSE,FALSE,FALSE,FALSE
0,WN,38,0.09,0,27,5,TRUE,FALSE,FALSE,FALSE,53,0,0,22,10,FALSE,FALSE,FALSE,FALSE
0,DL,38,0.09,0,27,5,TRUE,FALSE,FALSE,FALSE,53,0,0,22,10,FALSE,FALSE,FALSE,FALSE
0,DL,38,0.09,0,27,5,TRUE,FALSE,FALSE,FALSE,53,0,0,22,10,FALSE,FALSE,FALSE,FALSE
0,DL,38,0.09,0,27,5,TRUE,FALSE,FALSE,FALSE,53,0,0,22,10,FALSE,FALSE,FALSE,FALSE
0,DL,38,0.09,0,27,5,TRUE,FALSE,FALSE,FALSE,53,0,0,22,10,FALSE,FALSE,FALSE,FALSE
0,UA,38,0.09,0,27,5,TRUE,FALSE,FALSE,FALSE,53,0,0,22,10,FALSE,FALSE,FALSE,FALSE
0,AA,38,0.09,0,27,5,TRUE,FALSE,FALSE,FALSE,53,0,0,22,10,FALSE,FALSE,FALSE,FALSE
0,DL,38,0.09,0,27,5,TRUE,FALSE,FALSE,FALSE,53,0,0,22,10,FALSE,FALSE,FALSE,FALSE
0,DL,38,0.09,0,27,5,TRUE,FALSE,FALSE,FALSE,53,0,0,22,10,FALSE,FALSE,FALSE,FALSE
0,DL,38,0.09,0,27,5,TRUE,FALSE,FALSE,FALSE,53,0,0,22,10,FALSE,FALSE,FALSE,FALSE
0,UA,38,0.09,0,27,5,TRUE,FALSE,FALSE,FALSE,53,0,0,22,10,FALSE,FALSE,FALSE,FALSE
0,WN,38,0.09,0,27,5,TRUE,FALSE,FALSE,FALSE,53,0,0,22,10,FALSE,FALSE,FALSE,FALSE
0,DL,38,0.09,0,27,5,TRUE,FALSE,FALSE,FALSE,53,0,0,22,10,FALSE,FALSE,FALSE,FALSE
0,DL,38,0.09,0,27,5,TRUE,FALSE,FALSE,FALSE,53,0,0,22,10,FALSE,FALSE,FALSE,FALSE
0,DL,38,0.09,0,27,5,TRUE,FALSE,FALSE,FALSE,53,0,0,22,10,FALSE,FALSE,FALSE,FALSE
0,DL,38,0.09,0,27,5,TRUE,FALSE,FALSE,FALSE,53,0,0,22,10,FALSE,FALSE,FALSE,FALSE
0,DL,32,0,0,28,9,FALSE,FALSE,FALSE,FALSE,56,0.06,0,28,10,TRUE,FALSE,FALSE,FALSE
0,WN,32,0,0,28,9,FALSE,FALSE,FALSE,FALSE,56,0.06,0,28,10,TRUE,FALSE,FALSE,FALSE
9,AA,32,0,0,28,9,FALSE,FALSE,FALSE,FALSE,56,0.06,0,28,10,TRUE,FALSE,FALSE,FALSE
0,WN,32,0,0,28,9,FALSE,FALSE,FALSE,FALSE,56,0.06,0,28,10,TRUE,FALSE,FALSE,FALSE
0,WN,32,0,0,28,9,FALSE,FALSE,FALSE,FALSE,56,0.06,0,28,10,TRUE,FALSE,FALSE,FALSE
0,AA,32,0,0,28,9,FALSE,FALSE,FALSE,FALSE,56,0.06,0,28,10,TRUE,FALSE,FALSE,FALSE
0,NK,32,0,0,28,9,FALSE,FALSE,FALSE,FALSE,56,0.06,0,28,10,TRUE,FALSE,FALSE,FALSE
0,DL,32,0,0,28,9,FALSE,FALSE,FALSE,FALSE,56,0.06,0,28,10,TRUE,FALSE,FALSE,FALSE
0,WN,32,0,0,28,9,FALSE,FALSE,FALSE,FALSE,56,0.06,0,28,10,TRUE,FALSE,FALSE,FALSE
0,DL,32,0,0,28,9,FALSE,FALSE,FALSE,FALSE,56,0.06,0,28,10,TRUE,FALSE,FALSE,FALSE
0,UA,32,0,0,28,9,FALSE,FALSE,FALSE,FALSE,56,0.06,0,28,10,TRUE,FALSE,FALSE,FALSE
0,WN,32,0,0,28,9,FALSE,FALSE,FALSE,FALSE,56,0.06,0,28,10,TRUE,FALSE,FALSE,FALSE
0,AA,32,0,0,28,9,FALSE,FALSE,FALSE,FALSE,56,0.06,0,28,10,TRUE,FALSE,FALSE,FALSE
0,DL,32,0,0,28,9,FALSE,FALSE,FALSE,FALSE,56,0.06,0,28,10,TRUE,FALSE,FALSE,FALSE
0,DL,32,0,0,28,9,FALSE,FALSE,FALSE,FALSE,56,0.06,0,28,10,TRUE,FALSE,FALSE,FALSE
0,DL,32,0,0,28,9,FALSE,FALSE,FALSE,FALSE,56,0.06,0,28,10,TRUE,FALSE,FALSE,FALSE
0,DL,32,0,0,28,9,FALSE,FALSE,FALSE,FALSE,56,0.06,0,28,10,TRUE,FALSE,FALSE,FALSE
0,DL,32,0,0,28,9,FALSE,FALSE,FALSE,FALSE,56,0.06,0,28,10,TRUE,FALSE,FALSE,FALSE
0,UA,32,0,0,28,9,FALSE,FALSE,FALSE,FALSE,56,0.06,0,28,10,TRUE,FALSE,FALSE,FALSE
0,UA,32,0,0,28,9,FALSE,FALSE,FALSE,FALSE,56,0.06,0,28,10,TRUE,FALSE,FALSE,FALSE
0,DL,32,0,0,28,9,FALSE,FALSE,FALSE,FALSE,56,0.06,0,28,10,TRUE,FALSE,FALSE,FALSE
0,DL,32,0,0,28,9,FALSE,FALSE,FALSE,FALSE,56,0.06,0,28,10,TRUE,FALSE,FALSE,FALSE
0,DL,32,0,0,28,9,FALSE,FALSE,FALSE,FALSE,56,0.06,0,28,10,TRUE,FALSE,FALSE,FALSE
0,WN,32,0,0,28,9,FALSE,FALSE,FALSE,FALSE,56,0.06,0,28,10,TRUE,FALSE,FALSE,FALSE
0,DL,32,0,0,28,9,FALSE,FALSE,FALSE,FALSE,56,0.06,0,28,10,TRUE,FALSE,FALSE,FALSE
0,UA,32,0,0,28,9,FALSE,FALSE,FALSE,FALSE,56,0.06,0,28,10,TRUE,FALSE,FALSE,FALSE
0,OO,32,0,0,28,9,FALSE,FALSE,FALSE,FALSE,56,0.06,0,28,10,TRUE,FALSE,FALSE,FALSE
0,DL,32,0,0,28,9,FALSE,FALSE,FALSE,FALSE,56,0.06,0,28,10,TRUE,FALSE,FALSE,FALSE
0,DL,32,0,0,28,9,FALSE,FALSE,FALSE,FALSE,56,0.06,0,28,10,TRUE,FALSE,FALSE,FALSE
0,DL,32,0,0,28,9,FALSE,FALSE,FALSE,FALSE,56,0.06,0,28,10,TRUE,FALSE,FALSE,FALSE
0,DL,32,0,0,28,9,FALSE,FALSE,FALSE,FALSE,56,0.06,0,28,10,TRUE,FALSE,FALSE,FALSE
0,OO,32,0,0,28,9,FALSE,FALSE,FALSE,FALSE,56,0.06,0,28,10,TRUE,FALSE,FALSE,FALSE
0,DL,32,0,0,28,9,FALSE,FALSE,FALSE,FALSE,56,0.06,0,28,10,TRUE,FALSE,FALSE,FALSE
0,DL,32,0,0,28,9,FALSE,FALSE,FALSE,FALSE,56,0.06,0,28,10,TRUE,FALSE,FALSE,FALSE
0,DL,28,0,0,30,10,FALSE,FALSE,FALSE,FALSE,37,0,0,18,10,FALSE,FALSE,FALSE,FALSE
0,OO,28,0,0,30,10,FALSE,FALSE,FALSE,FALSE,37,0,0,18,10,FALSE,FALSE,FALSE,FALSE
2,NK,28,0,0,30,10,FALSE,FALSE,FALSE,FALSE,37,0,0,18,10,FALSE,FALSE,FALSE,FALSE
17,WN,28,0,0,30,10,FALSE,FALSE,FALSE,FALSE,37,0,0,18,10,FALSE,FALSE,FALSE,FALSE
55,DL,28,0,0,30,10,FALSE,FALSE,FALSE,FALSE,37,0,0,18,10,FALSE,FALSE,FALSE,FALSE
0,WN,28,0,0,30,10,FALSE,FALSE,FALSE,FALSE,37,0,0,18,10,FALSE,FALSE,FALSE,FALSE
0,AA,28,0,0,30,10,FALSE,FALSE,FALSE,FALSE,37,0,0,18,10,FALSE,FALSE,FALSE,FALSE
0,DL,28,0,0,30,10,FALSE,FALSE,FALSE,FALSE,37,0,0,18,10,FALSE,FALSE,FALSE,FALSE
0,AA,28,0,0,30,10,FALSE,FALSE,FALSE,FALSE,37,0,0,18,10,FALSE,FALSE,FALSE,FALSE
0,WN,28,0,0,30,10,FALSE,FALSE,FALSE,FALSE,37,0,0,18,10,FALSE,FALSE,FALSE,FALSE
0,DL,28,0,0,30,10,FALSE,FALSE,FALSE,FALSE,37,0,0,18,10,FALSE,FALSE,FALSE,FALSE
0,WN,28,0,0,30,10,FALSE,FALSE,FALSE,FALSE,37,0,0,18,10,FALSE,FALSE,FALSE,FALSE
0,DL,28,0,0,30,10,FALSE,FALSE,FALSE,FALSE,37,0,0,18,10,FALSE,FALSE,FALSE,FALSE
0,DL,28,0,0,30,10,FALSE,FALSE,FALSE,FALSE,37,0,0,18,10,FALSE,FALSE,FALSE,FALSE
0,WN,28,0,0,30,10,FALSE,FALSE,FALSE,FALSE,37,0,0,18,10,FALSE,FALSE,FALSE,FALSE
0,WN,28,0,0,30,10,FALSE,FALSE,FALSE,FALSE,37,0,0,18,10,FALSE,FALSE,FALSE,FALSE
0,AA,28,0,0,30,10,FALSE,FALSE,FALSE,FALSE,37,0,0,18,10,FALSE,FALSE,FALSE,FALSE
0,DL,28,0,0,30,10,FALSE,FALSE,FALSE,FALSE,37,0,0,18,10,FALSE,FALSE,FALSE,FALSE
0,DL,28,0,0,30,10,FALSE,FALSE,FALSE,FALSE,37,0,0,18,10,FALSE,FALSE,FALSE,FALSE
0,OO,28,0,0,30,10,FALSE,FALSE,FALSE,FALSE,37,0,0,18,10,FALSE,FALSE,FALSE,FALSE
0,DL,28,0,0,30,10,FALSE,FALSE,FALSE,FALSE,37,0,0,18,10,FALSE,FALSE,FALSE,FALSE
0,UA,28,0,0,30,10,FALSE,FALSE,FALSE,FALSE,37,0,0,18,10,FALSE,FALSE,FALSE,FALSE
0,DL,28,0,0,30,10,FALSE,FALSE,FALSE,FALSE,37,0,0,18,10,FALSE,FALSE,FALSE,FALSE
0,UA,28,0,0,30,10,FALSE,FALSE,FALSE,FALSE,37,0,0,18,10,FALSE,FALSE,FALSE,FALSE
0,DL,28,0,0,30,10,FALSE,FALSE,FALSE,FALSE,37,0,0,18,10,FALSE,FALSE,FALSE,FALSE
0,DL,28,0,0,30,10,FALSE,FALSE,FALSE,FALSE,37,0,0,18,10,FALSE,FALSE,FALSE,FALSE
0,DL,28,0,0,30,10,FALSE,FALSE,FALSE,FALSE,37,0,0,18,10,FALSE,FALSE,FALSE,FALSE
0,UA,28,0,0,30,10,FALSE,FALSE,FALSE,FALSE,37,0,0,18,10,FALSE,FALSE,FALSE,FALSE
0,DL,28,0,0,30,10,FALSE,FALSE,FALSE,FALSE,37,0,0,18,10,FALSE,FALSE,FALSE,FALSE
0,DL,28,0,0,30,10,FALSE,FALSE,FALSE,FALSE,37,0,0,18,10,FALSE,FALSE,FALSE,FALSE
0,DL,28,0,0,30,10,FALSE,FALSE,FALSE,FALSE,37,0,0,18,10,FALSE,FALSE,FALSE,FALSE
0,DL,28,0,0,30,10,FALSE,FALSE,FALSE,FALSE,37,0,0,18,10,FALSE,FALSE,FALSE,FALSE
0,UA,28,0,0,30,10,FALSE,FALSE,FALSE,FALSE,37,0,0,18,10,FALSE,FALSE,FALSE,FALSE
0,DL,28,0,0,30,10,FALSE,FALSE,FALSE,FALSE,37,0,0,18,10,FALSE,FALSE,FALSE,FALSE
0,DL,27,0,0,23,9,FALSE,FALSE,FALSE,FALSE,35,0,0,10,10,FALSE,FALSE,FALSE,FALSE
0,WN,27,0,0,23,9,FALSE,FALSE,FALSE,FALSE,35,0,0,10,10,FALSE,FALSE,FALSE,FALSE
0,NK,27,0,0,23,9,FALSE,FALSE,FALSE,FALSE,35,0,0,10,10,FALSE,FALSE,FALSE,FALSE
0,AA,27,0,0,23,9,FALSE,FALSE,FALSE,FALSE,35,0,0,10,10,FALSE,FALSE,FALSE,FALSE
0,DL,27,0,0,23,9,FALSE,FALSE,FALSE,FALSE,35,0,0,10,10,FALSE,FALSE,FALSE,FALSE
0,DL,27,0,0,23,9,FALSE,FALSE,FALSE,FALSE,35,0,0,10,10,FALSE,FALSE,FALSE,FALSE
0,DL,27,0,0,23,9,FALSE,FALSE,FALSE,FALSE,35,0,0,10,10,FALSE,FALSE,FALSE,FALSE
0,WN,27,0,0,23,9,FALSE,FALSE,FALSE,FALSE,35,0,0,10,10,FALSE,FALSE,FALSE,FALSE
0,DL,27,0,0,23,9,FALSE,FALSE,FALSE,FALSE,35,0,0,10,10,FALSE,FALSE,FALSE,FALSE
0,DL,27,0,0,23,9,FALSE,FALSE,FALSE,FALSE,35,0,0,10,10,FALSE,FALSE,FALSE,FALSE
0,DL,27,0,0,23,9,FALSE,FALSE,FALSE,FALSE,35,0,0,10,10,FALSE,FALSE,FALSE,FALSE
0,WN,27,0,0,23,9,FALSE,FALSE,FALSE,FALSE,35,0,0,10,10,FALSE,FALSE,FALSE,FALSE
0,UA,27,0,0,23,9,FALSE,FALSE,FALSE,FALSE,35,0,0,10,10,FALSE,FALSE,FALSE,FALSE
0,WN,27,0,0,23,9,FALSE,FALSE,FALSE,FALSE,35,0,0,10,10,FALSE,FALSE,FALSE,FALSE
0,OO,27,0,0,23,9,FALSE,FALSE,FALSE,FALSE,35,0,0,10,10,FALSE,FALSE,FALSE,FALSE
0,AA,27,0,0,23,9,FALSE,FALSE,FALSE,FALSE,35,0,0,10,10,FALSE,FALSE,FALSE,FALSE
0,DL,27,0,0,23,9,FALSE,FALSE,FALSE,FALSE,35,0,0,10,10,FALSE,FALSE,FALSE,FALSE
0,DL,27,0,0,23,9,FALSE,FALSE,FALSE,FALSE,35,0,0,10,10,FALSE,FALSE,FALSE,FALSE
0,DL,27,0,0,23,9,FALSE,FALSE,FALSE,FALSE,35,0,0,10,10,FALSE,FALSE,FALSE,FALSE
0,DL,27,0,0,23,9,FALSE,FALSE,FALSE,FALSE,35,0,0,10,10,FALSE,FALSE,FALSE,FALSE
0,UA,27,0,0,23,9,FALSE,FALSE,FALSE,FALSE,35,0,0,10,10,FALSE,FALSE,FALSE,FALSE
0,DL,27,0,0,23,9,FALSE,FALSE,FALSE,FALSE,35,0,0,10,10,FALSE,FALSE,FALSE,FALSE
0,DL,25,0,0.1,28,9,FALSE,FALSE,TRUE,FALSE,35,0,0,10,10,FALSE,FALSE,FALSE,FALSE
0,DL,25,0,0.1,28,9,FALSE,FALSE,TRUE,FALSE,35,0,0,10,10,FALSE,FALSE,FALSE,FALSE
0,WN,25,0,0.1,28,9,FALSE,FALSE,TRUE,FALSE,35,0,0,10,10,FALSE,FALSE,FALSE,FALSE
4,WN,25,0,0.1,28,9,FALSE,FALSE,TRUE,FALSE,35,0,0,10,10,FALSE,FALSE,FALSE,FALSE
18,AA,25,0,0.1,28,9,FALSE,FALSE,TRUE,FALSE,35,0,0,10,10,FALSE,FALSE,FALSE,FALSE
204,DL,25,0,0.1,28,9,FALSE,FALSE,TRUE,FALSE,35,0,0,10,10,FALSE,FALSE,FALSE,FALSE
0,UA,25,0,0.1,28,9,FALSE,FALSE,TRUE,FALSE,35,0,0,10,10,FALSE,FALSE,FALSE,FALSE
0,NK,25,0,0.1,28,9,FALSE,FALSE,TRUE,FALSE,35,0,0,10,10,FALSE,FALSE,FALSE,FALSE
0,WN,25,0,0.1,28,9,FALSE,FALSE,TRUE,FALSE,35,0,0,10,10,FALSE,FALSE,FALSE,FALSE
0,AA,25,0,0.1,28,9,FALSE,FALSE,TRUE,FALSE,35,0,0,10,10,FALSE,FALSE,FALSE,FALSE
0,DL,25,0,0.1,28,9,FALSE,FALSE,TRUE,FALSE,35,0,0,10,10,FALSE,FALSE,FALSE,FALSE
0,UA,25,0,0.1,28,9,FALSE,FALSE,TRUE,FALSE,35,0,0,10,10,FALSE,FALSE,FALSE,FALSE
0,WN,25,0,0.1,28,9,FALSE,FALSE,TRUE,FALSE,35,0,0,10,10,FALSE,FALSE,FALSE,FALSE
0,DL,25,0,0.1,28,9,FALSE,FALSE,TRUE,FALSE,35,0,0,10,10,FALSE,FALSE,FALSE,FALSE
0,DL,25,0,0.1,28,9,FALSE,FALSE,TRUE,FALSE,35,0,0,10,10,FALSE,FALSE,FALSE,FALSE
0,DL,25,0,0.1,28,9,FALSE,FALSE,TRUE,FALSE,35,0,0,10,10,FALSE,FALSE,FALSE,FALSE
0,DL,25,0,0.1,28,9,FALSE,FALSE,TRUE,FALSE,35,0,0,10,10,FALSE,FALSE,FALSE,FALSE
0,AA,25,0,0.1,28,9,FALSE,FALSE,TRUE,FALSE,35,0,0,10,10,FALSE,FALSE,FALSE,FALSE
0,WN,25,0,0.1,28,9,FALSE,FALSE,TRUE,FALSE,35,0,0,10,10,FALSE,FALSE,FALSE,FALSE
0,DL,25,0,0.1,28,9,FALSE,FALSE,TRUE,FALSE,35,0,0,10,10,FALSE,FALSE,FALSE,FALSE
0,DL,25,0,0.1,28,9,FALSE,FALSE,TRUE,FALSE,35,0,0,10,10,FALSE,FALSE,FALSE,FALSE
0,WN,25,0,0.1,28,9,FALSE,FALSE,TRUE,FALSE,35,0,0,10,10,FALSE,FALSE,FALSE,FALSE
0,DL,25,0,0.1,28,9,FALSE,FALSE,TRUE,FALSE,35,0,0,10,10,FALSE,FALSE,FALSE,FALSE
0,OO,25,0,0.1,28,9,FALSE,FALSE,TRUE,FALSE,35,0,0,10,10,FALSE,FALSE,FALSE,FALSE
0,DL,25,0,0.1,28,9,FALSE,FALSE,TRUE,FALSE,35,0,0,10,10,FALSE,FALSE,FALSE,FALSE
0,DL,25,0,0.1,28,9,FALSE,FALSE,TRUE,FALSE,35,0,0,10,10,FALSE,FALSE,FALSE,FALSE
0,DL,25,0,0.1,28,9,FALSE,FALSE,TRUE,FALSE,35,0,0,10,10,FALSE,FALSE,FALSE,FALSE
0,DL,25,0,0.1,28,9,FALSE,FALSE,TRUE,FALSE,35,0,0,10,10,FALSE,FALSE,FALSE,FALSE
0,DL,26,0.01,0.1,29,9,FALSE,FALSE,TRUE,FALSE,50,0,0,24,10,FALSE,FALSE,FALSE,FALSE
0,DL,26,0.01,0.1,29,9,FALSE,FALSE,TRUE,FALSE,50,0,0,24,10,FALSE,FALSE,FALSE,FALSE
9,DL,26,0.01,0.1,29,9,FALSE,FALSE,TRUE,FALSE,50,0,0,24,10,FALSE,FALSE,FALSE,FALSE
0,WN,26,0.01,0.1,29,9,FALSE,FALSE,TRUE,FALSE,50,0,0,24,10,FALSE,FALSE,FALSE,FALSE
0,OO,26,0.01,0.1,29,9,FALSE,FALSE,TRUE,FALSE,50,0,0,24,10,FALSE,FALSE,FALSE,FALSE
0,DL,26,0.01,0.1,29,9,FALSE,FALSE,TRUE,FALSE,50,0,0,24,10,FALSE,FALSE,FALSE,FALSE
0,DL,26,0.01,0.1,29,9,FALSE,FALSE,TRUE,FALSE,50,0,0,24,10,FALSE,FALSE,FALSE,FALSE
0,DL,26,0.01,0.1,29,9,FALSE,FALSE,TRUE,FALSE,50,0,0,24,10,FALSE,FALSE,FALSE,FALSE
0,DL,26,0.01,0.1,29,9,FALSE,FALSE,TRUE,FALSE,50,0,0,24,10,FALSE,FALSE,FALSE,FALSE
0,DL,26,0.01,0.1,29,9,FALSE,FALSE,TRUE,FALSE,50,0,0,24,10,FALSE,FALSE,FALSE,FALSE
0,WN,26,0.01,0.1,29,9,FALSE,FALSE,TRUE,FALSE,50,0,0,24,10,FALSE,FALSE,FALSE,FALSE
0,NK,26,0.01,0.1,29,9,FALSE,FALSE,TRUE,FALSE,50,0,0,24,10,FALSE,FALSE,FALSE,FALSE
0,UA,26,0.01,0.1,29,9,FALSE,FALSE,TRUE,FALSE,50,0,0,24,10,FALSE,FALSE,FALSE,FALSE
0,AA,26,0.01,0.1,29,9,FALSE,FALSE,TRUE,FALSE,50,0,0,24,10,FALSE,FALSE,FALSE,FALSE
0,DL,26,0.01,0.1,29,9,FALSE,FALSE,TRUE,FALSE,50,0,0,24,10,FALSE,FALSE,FALSE,FALSE
0,WN,26,0.01,0.1,29,9,FALSE,FALSE,TRUE,FALSE,50,0,0,24,10,FALSE,FALSE,FALSE,FALSE
0,DL,26,0.01,0.1,29,9,FALSE,FALSE,TRUE,FALSE,50,0,0,24,10,FALSE,FALSE,FALSE,FALSE
0,UA,26,0.01,0.1,29,9,FALSE,FALSE,TRUE,FALSE,50,0,0,24,10,FALSE,FALSE,FALSE,FALSE
0,WN,26,0.01,0.1,29,9,FALSE,FALSE,TRUE,FALSE,50,0,0,24,10,FALSE,FALSE,FALSE,FALSE
0,DL,26,0.01,0.1,29,9,FALSE,FALSE,TRUE,FALSE,50,0,0,24,10,FALSE,FALSE,FALSE,FALSE
0,UA,26,0.01,0.1,29,9,FALSE,FALSE,TRUE,FALSE,50,0,0,24,10,FALSE,FALSE,FALSE,FALSE
0,AA,26,0.01,0.1,29,9,FALSE,FALSE,TRUE,FALSE,50,0,0,24,10,FALSE,FALSE,FALSE,FALSE
0,AA,26,0.01,0.1,29,9,FALSE,FALSE,TRUE,FALSE,50,0,0,24,10,FALSE,FALSE,FALSE,FALSE
0,WN,26,0.01,0.1,29,9,FALSE,FALSE,TRUE,FALSE,50,0,0,24,10,FALSE,FALSE,FALSE,FALSE
0,UA,26,0.01,0.1,29,9,FALSE,FALSE,TRUE,FALSE,50,0,0,24,10,FALSE,FALSE,FALSE,FALSE
0,DL,26,0.01,0.1,29,9,FALSE,FALSE,TRUE,FALSE,50,0,0,24,10,FALSE,FALSE,FALSE,FALSE
0,DL,26,0.01,0.1,29,9,FALSE,FALSE,TRUE,FALSE,50,0,0,24,10,FALSE,FALSE,FALSE,FALSE
0,OO,26,0.01,0.1,29,9,FALSE,FALSE,TRUE,FALSE,50,0,0,24,10,FALSE,FALSE,FALSE,FALSE
0,WN,26,0.01,0.1,29,9,FALSE,FALSE,TRUE,FALSE,50,0,0,24,10,FALSE,FALSE,FALSE,FALSE
0,DL,26,0.01,0.1,29,9,FALSE,FALSE,TRUE,FALSE,50,0,0,24,10,FALSE,FALSE,FALSE,FALSE
0,DL,26,0.01,0.1,29,9,FALSE,FALSE,TRUE,FALSE,50,0,0,24,10,FALSE,FALSE,FALSE,FALSE
0,DL,26,0.01,0.1,29,9,FALSE,FALSE,TRUE,FALSE,50,0,0,24,10,FALSE,FALSE,FALSE,FALSE
0,DL,26,0.01,0.1,29,9,FALSE,FALSE,TRUE,FALSE,50,0,0,24,10,FALSE,FALSE,FALSE,FALSE
0,DL,26,0.01,0.1,29,9,FALSE,FALSE,TRUE,FALSE,50,0,0,24,10,FALSE,FALSE,FALSE,FALSE
30,AA,37,0.03,0,33,10,TRUE,FALSE,FALSE,FALSE,57,0,0,28,10,FALSE,FALSE,FALSE,FALSE
0,WN,37,0.03,0,33,10,TRUE,FALSE,FALSE,FALSE,57,0,0,28,10,FALSE,FALSE,FALSE,FALSE
0,WN,37,0.03,0,33,10,TRUE,FALSE,FALSE,FALSE,57,0,0,28,10,FALSE,FALSE,FALSE,FALSE
0,DL,37,0.03,0,33,10,TRUE,FALSE,FALSE,FALSE,57,0,0,28,10,FALSE,FALSE,FALSE,FALSE
0,OO,37,0.03,0,33,10,TRUE,FALSE,FALSE,FALSE,57,0,0,28,10,FALSE,FALSE,FALSE,FALSE
0,NK,37,0.03,0,33,10,TRUE,FALSE,FALSE,FALSE,57,0,0,28,10,FALSE,FALSE,FALSE,FALSE
0,DL,37,0.03,0,33,10,TRUE,FALSE,FALSE,FALSE,57,0,0,28,10,FALSE,FALSE,FALSE,FALSE
0,DL,37,0.03,0,33,10,TRUE,FALSE,FALSE,FALSE,57,0,0,28,10,FALSE,FALSE,FALSE,FALSE
0,AA,37,0.03,0,33,10,TRUE,FALSE,FALSE,FALSE,57,0,0,28,10,FALSE,FALSE,FALSE,FALSE
0,WN,37,0.03,0,33,10,TRUE,FALSE,FALSE,FALSE,57,0,0,28,10,FALSE,FALSE,FALSE,FALSE
0,WN,37,0.03,0,33,10,TRUE,FALSE,FALSE,FALSE,57,0,0,28,10,FALSE,FALSE,FALSE,FALSE
0,AA,37,0.03,0,33,10,TRUE,FALSE,FALSE,FALSE,57,0,0,28,10,FALSE,FALSE,FALSE,FALSE
0,DL,37,0.03,0,33,10,TRUE,FALSE,FALSE,FALSE,57,0,0,28,10,FALSE,FALSE,FALSE,FALSE
0,DL,37,0.03,0,33,10,TRUE,FALSE,FALSE,FALSE,57,0,0,28,10,FALSE,FALSE,FALSE,FALSE
0,DL,37,0.03,0,33,10,TRUE,FALSE,FALSE,FALSE,57,0,0,28,10,FALSE,FALSE,FALSE,FALSE
0,UA,37,0.03,0,33,10,TRUE,FALSE,FALSE,FALSE,57,0,0,28,10,FALSE,FALSE,FALSE,FALSE
0,UA,37,0.03,0,33,10,TRUE,FALSE,FALSE,FALSE,57,0,0,28,10,FALSE,FALSE,FALSE,FALSE
0,DL,37,0.03,0,33,10,TRUE,FALSE,FALSE,FALSE,57,0,0,28,10,FALSE,FALSE,FALSE,FALSE
0,WN,37,0.03,0,33,10,TRUE,FALSE,FALSE,FALSE,57,0,0,28,10,FALSE,FALSE,FALSE,FALSE
0,UA,37,0.03,0,33,10,TRUE,FALSE,FALSE,FALSE,57,0,0,28,10,FALSE,FALSE,FALSE,FALSE
0,DL,37,0.03,0,33,10,TRUE,FALSE,FALSE,FALSE,57,0,0,28,10,FALSE,FALSE,FALSE,FALSE
0,DL,37,0.03,0,33,10,TRUE,FALSE,FALSE,FALSE,57,0,0,28,10,FALSE,FALSE,FALSE,FALSE
0,DL,37,0.03,0,33,10,TRUE,FALSE,FALSE,FALSE,57,0,0,28,10,FALSE,FALSE,FALSE,FALSE
0,DL,37,0.03,0,33,10,TRUE,FALSE,FALSE,FALSE,57,0,0,28,10,FALSE,FALSE,FALSE,FALSE
0,DL,37,0.03,0,33,10,TRUE,FALSE,FALSE,FALSE,57,0,0,28,10,FALSE,FALSE,FALSE,FALSE
0,DL,37,0.03,0,33,10,TRUE,FALSE,FALSE,FALSE,57,0,0,28,10,FALSE,FALSE,FALSE,FALSE
0,WN,37,0.03,0,33,10,TRUE,FALSE,FALSE,FALSE,57,0,0,28,10,FALSE,FALSE,FALSE,FALSE
0,DL,37,0.03,0,33,10,TRUE,FALSE,FALSE,FALSE,57,0,0,28,10,FALSE,FALSE,FALSE,FALSE
0,DL,37,0.03,0,33,10,TRUE,FALSE,FALSE,FALSE,57,0,0,28,10,FALSE,FALSE,FALSE,FALSE
0,DL,37,0.03,0,33,10,TRUE,FALSE,FALSE,FALSE,57,0,0,28,10,FALSE,FALSE,FALSE,FALSE
0,UA,37,0.03,0,33,10,TRUE,FALSE,FALSE,FALSE,57,0,0,28,10,FALSE,FALSE,FALSE,FALSE
0,DL,37,0.03,0,33,10,TRUE,FALSE,FALSE,FALSE,57,0,0,28,10,FALSE,FALSE,FALSE,FALSE